DateOfCrash,LocationCity,LocationLatitude,LocationLongitude,WeatherCondition1,FirstHarmfulEvent,MostHarmfulEvent,RoadFeature,TrafficControlType,Crash_Date_Hour,Crash_Date_DOW,Crash_Date_Month,Crash_Date_Year,killed,type_a_injury,type_b_injury,type_c_injury,no_injury
2016-10-31 20:04:52,Raleigh,76.14812758651460,-73.31915517647840,Clouds,No Crash,None,Urban Road,Normal Flow,20,Monday,October,2016,0,0,0,0,1
2017-06-15 17:19:52,Raleigh,4.346203444814790,-31.640082438698400,Clouds,No Crash,None,Urban Road,Normal Flow,17,Thursday,June,2017,0,0,0,0,1
2017-03-11 09:16:08,Raleigh,17.947217498116800,-31.69349075604280,Rain,No Crash,None,Urban Road,Normal Flow,9,Saturday,March,2017,0,0,0,0,1
2017-04-10 00:31:59,Raleigh,47.441419180653400,-13.049021837364900,Clouds,No Crash,None,Urban Road,Normal Flow,0,Monday,April,2017,0,0,0,0,1
2017-08-17 21:42:24,Raleigh,49.31796348864480,-40.20604416404720,Clouds,No Crash,None,Urban Road,Normal Flow,21,Thursday,August,2017,0,0,0,0,1
2016-06-05 19:49:42,Raleigh,17.39755152576890,-64.47918423743780,Clouds,No Crash,None,Urban Road,Normal Flow,19,Sunday,June,2016,0,0,0,0,1
2016-06-24 14:20:01,Raleigh,3.3869314427265800,-49.235683106530800,Clear,No Crash,None,Urban Road,Normal Flow,14,Friday,June,2016,0,0,0,0,1
2015-06-05 11:50:16,Raleigh,51.42769496107120,-61.739802547188900,Clouds,No Crash,None,Urban Road,Normal Flow,11,Friday,June,2015,0,0,0,0,1
2016-09-22 02:10:20,Raleigh,28.731879928218300,-28.615614033269100,Clear,No Crash,None,Urban Road,Normal Flow,2,Thursday,September,2016,0,0,0,0,1
2017-07-25 07:46:04,Raleigh,36.04786947948980,-47.781274231141700,Rain,No Crash,None,Urban Road,Normal Flow,7,Tuesday,July,2017,0,0,0,0,1
2016-12-15 05:07:59,Raleigh,63.25687397440210,-51.84164108806910,Clear,No Crash,None,Urban Road,Normal Flow,5,Thursday,December,2016,0,0,0,0,1
2015-03-16 02:20:08,Raleigh,45.78202815829590,-22.374373134033600,Clouds,No Crash,None,Urban Road,Normal Flow,2,Monday,March,2015,0,0,0,0,1
2016-05-15 04:15:00,Raleigh,8.119441927786900,-71.38233429881320,Clouds,No Crash,None,Urban Road,Normal Flow,4,Sunday,May,2016,0,0,0,0,1
2016-08-10 04:06:00,Raleigh,44.89966379634390,-4.187716318681150,Clouds,No Crash,None,Urban Road,Normal Flow,4,Wednesday,August,2016,0,0,0,0,1
2015-12-16 19:59:29,Raleigh,51.65067786053130,-37.65278470164630,Clouds,No Crash,None,Urban Road,Normal Flow,19,Wednesday,December,2015,0,0,0,0,1
2017-06-19 16:07:50,Raleigh,12.285278185050200,-71.11239039501270,Clouds,No Crash,None,Urban Road,Normal Flow,16,Monday,June,2017,0,0,0,0,1
2016-07-28 02:34:23,Raleigh,69.31980493636670,-56.546796996326100,Clouds,No Crash,None,Urban Road,Normal Flow,2,Thursday,July,2016,0,0,0,0,1
2015-11-12 07:06:03,Raleigh,51.234306681569200,-0.4151838706705750,Clear,No Crash,None,Urban Road,Normal Flow,7,Thursday,November,2015,0,0,0,0,1
2017-06-15 17:19:24,Raleigh,64.56504956763040,-8.182693616814080,Clouds,No Crash,None,Urban Road,Normal Flow,17,Thursday,June,2017,0,0,0,0,1
2016-10-01 13:15:27,Raleigh,50.81158662469910,-16.51781140500230,Rain,No Crash,None,Urban Road,Normal Flow,13,Saturday,October,2016,0,0,0,0,1
2017-02-21 06:38:57,Raleigh,25.34902938600000,-72.52141093112780,Clear,No Crash,None,Urban Road,Normal Flow,6,Tuesday,February,2017,0,0,0,0,1
2016-03-01 05:49:10,Raleigh,70.80231128209410,-47.56456830726050,Clouds,No Crash,None,Urban Road,Normal Flow,5,Tuesday,March,2016,0,0,0,0,1
2017-06-24 00:16:36,Raleigh,32.60129804743150,-44.80917738951970,Rain,No Crash,None,Urban Road,Normal Flow,0,Saturday,June,2017,0,0,0,0,1
2015-06-07 07:45:55,Raleigh,73.98640416881160,-76.61688494690420,Clouds,No Crash,None,Urban Road,Normal Flow,7,Sunday,June,2015,0,0,0,0,1
2017-04-22 04:20:50,Raleigh,17.15247297464750,-66.25314230115290,Clouds,No Crash,None,Urban Road,Normal Flow,4,Saturday,April,2017,0,0,0,0,1
2016-07-14 19:07:18,Raleigh,57.15129115884970,-67.76681324768030,Rain,No Crash,None,Urban Road,Normal Flow,19,Thursday,July,2016,0,0,0,0,1
2015-03-22 14:33:36,Raleigh,71.2924284656041,-55.232306566014600,Clouds,No Crash,None,Urban Road,Normal Flow,14,Sunday,March,2015,0,0,0,0,1
2016-08-16 12:28:49,Raleigh,35.34348522615470,-49.82516945911490,Rain,No Crash,None,Urban Road,Normal Flow,12,Tuesday,August,2016,0,0,0,0,1
2017-09-02 04:24:38,Raleigh,51.8283874483924,-8.092978005947130,Clouds,No Crash,None,Urban Road,Normal Flow,4,Saturday,September,2017,0,0,0,0,1
2017-09-25 20:20:43,Raleigh,14.35441968335270,-65.22927756008340,Clear,No Crash,None,Urban Road,Normal Flow,20,Monday,September,2017,0,0,0,0,1
2015-04-28 08:38:57,Raleigh,1.7518068075854100,-38.004876239935900,Clouds,No Crash,None,Urban Road,Normal Flow,8,Tuesday,April,2015,0,0,0,0,1
2016-04-10 10:47:03,Raleigh,36.326285343900500,-42.51014208373380,Rain,No Crash,None,Urban Road,Normal Flow,10,Sunday,April,2016,0,0,0,0,1
2015-03-10 08:26:21,Raleigh,56.60174440143500,-88.57174275846110,Rain,No Crash,None,Urban Road,Normal Flow,8,Tuesday,March,2015,0,0,0,0,1
2016-06-23 11:05:06,Raleigh,66.6610012057617,-80.24978707046720,Clouds,No Crash,None,Urban Road,Normal Flow,11,Thursday,June,2016,0,0,0,0,1
2015-03-04 10:53:57,Raleigh,49.474238168414600,-16.65293262521010,Clear,No Crash,None,Urban Road,Normal Flow,10,Wednesday,March,2015,0,0,0,0,1
2017-03-13 19:59:08,Raleigh,0.04171110610625340,-1.9065223466288000,Clouds,No Crash,None,Urban Road,Normal Flow,19,Monday,March,2017,0,0,0,0,1
2015-01-25 12:33:49,Raleigh,41.05690750509750,-30.49349845396060,Clouds,No Crash,None,Urban Road,Normal Flow,12,Sunday,January,2015,0,0,0,0,1
2017-03-26 19:56:00,Raleigh,77.7646073138809,-14.042873791173000,Clouds,No Crash,None,Urban Road,Normal Flow,19,Sunday,March,2017,0,0,0,0,1
2016-08-09 23:14:38,Raleigh,12.628584981312800,-46.631151369271500,Clouds,No Crash,None,Urban Road,Normal Flow,23,Tuesday,August,2016,0,0,0,0,1
2017-08-30 22:29:01,Raleigh,77.07667606056430,-67.45764224229370,Clouds,No Crash,None,Urban Road,Normal Flow,22,Wednesday,August,2017,0,0,0,0,1
2015-02-24 03:26:59,Raleigh,2.084200265649170,-73.6830899075041,Clouds,No Crash,None,Urban Road,Normal Flow,3,Tuesday,February,2015,0,0,0,0,1
2015-09-22 16:56:35,Raleigh,34.54560476101340,-34.63607818358070,Clear,No Crash,None,Urban Road,Normal Flow,16,Tuesday,September,2015,0,0,0,0,1
2016-12-18 21:17:02,Raleigh,68.80445845328010,-64.48846888038580,Clouds,No Crash,None,Urban Road,Normal Flow,21,Sunday,December,2016,0,0,0,0,1
2015-11-07 22:19:16,Raleigh,33.87937315487700,-36.336842709686000,Clear,No Crash,None,Urban Road,Normal Flow,22,Saturday,November,2015,0,0,0,0,1
2016-11-23 10:11:29,Raleigh,56.60460009943830,-7.605522260518540,Clouds,No Crash,None,Urban Road,Normal Flow,10,Wednesday,November,2016,0,0,0,0,1
2015-06-29 16:20:55,Raleigh,37.255772546554700,-58.042248881206800,Rain,No Crash,None,Urban Road,Normal Flow,16,Monday,June,2015,0,0,0,0,1
2015-11-26 22:38:19,Raleigh,22.162173474127300,-24.724914393404300,Clear,No Crash,None,Urban Road,Normal Flow,22,Thursday,November,2015,0,0,0,0,1
2015-02-18 23:49:18,Raleigh,55.052534781786100,-18.559202055004400,Rain,No Crash,None,Urban Road,Normal Flow,23,Wednesday,February,2015,0,0,0,0,1
2017-01-31 00:39:37,Raleigh,3.3891622982169100,-70.83930361214030,Rain,No Crash,None,Urban Road,Normal Flow,0,Tuesday,January,2017,0,0,0,0,1
2015-03-13 21:32:05,Raleigh,6.597650104418220,-72.41177689579000,Clouds,No Crash,None,Urban Road,Normal Flow,21,Friday,March,2015,0,0,0,0,1
2015-05-06 09:09:16,Raleigh,17.612713084964800,-72.68725803606700,Clouds,No Crash,None,Urban Road,Normal Flow,9,Wednesday,May,2015,0,0,0,0,1
2015-03-06 23:18:50,Raleigh,63.93402744046000,-47.32073386200040,Clouds,No Crash,None,Urban Road,Normal Flow,23,Friday,March,2015,0,0,0,0,1
2016-06-11 03:23:11,Raleigh,79.27314546768770,-4.07306677147254,Snow,No Crash,None,Urban Road,Normal Flow,3,Saturday,June,2016,0,0,0,0,1
2016-06-14 22:52:45,Raleigh,77.7583596359303,-27.429481139066500,Clouds,No Crash,None,Urban Road,Normal Flow,22,Tuesday,June,2016,0,0,0,0,1
2015-10-12 06:58:44,Raleigh,23.9919761527281,-43.84049685622770,Clouds,No Crash,None,Urban Road,Normal Flow,6,Monday,October,2015,0,0,0,0,1
2017-01-22 16:46:11,Raleigh,67.42800748051240,-81.03774476156720,Clouds,No Crash,None,Urban Road,Normal Flow,16,Sunday,January,2017,0,0,0,0,1
2017-05-03 22:26:27,Raleigh,21.5675957660075,-19.810506216587400,Clear,No Crash,None,Urban Road,Normal Flow,22,Wednesday,May,2017,0,0,0,0,1
2017-06-05 20:59:06,Raleigh,55.49083592048350,-60.18715338302620,Clouds,No Crash,None,Urban Road,Normal Flow,20,Monday,June,2017,0,0,0,0,1
2017-10-01 18:39:53,Raleigh,73.95773697104810,-6.471191425823900,Clouds,No Crash,None,Urban Road,Normal Flow,18,Sunday,October,2017,0,0,0,0,1
2015-04-16 02:52:51,Raleigh,67.91023390787550,-77.93953703035320,Clouds,No Crash,None,Urban Road,Normal Flow,2,Thursday,April,2015,0,0,0,0,1
2015-10-22 14:38:33,Raleigh,63.31206722436730,-8.64260397130343,Clouds,No Crash,None,Urban Road,Normal Flow,14,Thursday,October,2015,0,0,0,0,1
2017-01-18 13:39:41,Raleigh,11.960081140345900,-46.36906594793660,Clouds,No Crash,None,Urban Road,Normal Flow,13,Wednesday,January,2017,0,0,0,0,1
2016-07-04 23:28:29,Raleigh,15.183348134738600,-23.502132318977900,Clouds,No Crash,None,Urban Road,Normal Flow,23,Monday,July,2016,0,0,0,0,1
2017-06-09 23:52:20,Raleigh,78.50337787757880,-38.89671567580260,Clouds,No Crash,None,Urban Road,Normal Flow,23,Friday,June,2017,0,0,0,0,1
2016-08-18 06:15:36,Raleigh,32.78068983603110,-52.28682929843150,Rain,No Crash,None,Urban Road,Normal Flow,6,Thursday,August,2016,0,0,0,0,1
2017-02-11 13:51:01,Raleigh,6.4613161282643700,-21.752763876958700,Rain,No Crash,None,Urban Road,Normal Flow,13,Saturday,February,2017,0,0,0,0,1
2017-08-12 02:35:44,Raleigh,12.624080149180500,-84.85118447357940,Rain,No Crash,None,Urban Road,Normal Flow,2,Saturday,August,2017,0,0,0,0,1
2015-11-06 06:12:58,Raleigh,35.204582617725100,-35.98108090178470,Clear,No Crash,None,Urban Road,Normal Flow,6,Friday,November,2015,0,0,0,0,1
2015-02-16 20:26:38,Raleigh,18.055555489715500,-85.986731672759,Clouds,No Crash,None,Urban Road,Normal Flow,20,Monday,February,2015,0,0,0,0,1
2017-05-10 18:31:25,Raleigh,70.07061194230860,-75.68467668610240,Clouds,No Crash,None,Urban Road,Normal Flow,18,Wednesday,May,2017,0,0,0,0,1
2017-03-12 06:00:12,Raleigh,32.71190877066000,-15.751875737531600,Clouds,No Crash,None,Urban Road,Normal Flow,6,Sunday,March,2017,0,0,0,0,1
2015-12-23 12:24:30,Raleigh,1.2069329546805700,-64.70250170269200,Clouds,No Crash,None,Urban Road,Normal Flow,12,Wednesday,December,2015,0,0,0,0,1
2017-05-07 16:59:15,Raleigh,11.064379136040800,-53.45014702721170,Rain,No Crash,None,Urban Road,Normal Flow,16,Sunday,May,2017,0,0,0,0,1
2015-06-09 11:13:28,Raleigh,0.777898883461238,-37.8709966509329,Clouds,No Crash,None,Urban Road,Normal Flow,11,Tuesday,June,2015,0,0,0,0,1
2017-05-22 15:48:22,Raleigh,30.256304624801700,-23.140174856838800,Clouds,No Crash,None,Urban Road,Normal Flow,15,Monday,May,2017,0,0,0,0,1
2016-07-13 11:32:33,Raleigh,20.703715815072800,-14.894070650253300,Clouds,No Crash,None,Urban Road,Normal Flow,11,Wednesday,July,2016,0,0,0,0,1
2017-06-29 11:21:44,Raleigh,57.21111344394210,-27.193663499359800,Clouds,No Crash,None,Urban Road,Normal Flow,11,Thursday,June,2017,0,0,0,0,1
2016-09-26 17:01:10,Raleigh,72.55042703139490,-20.403783716591700,Clouds,No Crash,None,Urban Road,Normal Flow,17,Monday,September,2016,0,0,0,0,1
2017-01-09 18:21:45,Raleigh,30.52215294503520,-38.59701931501360,Clear,No Crash,None,Urban Road,Normal Flow,18,Monday,January,2017,0,0,0,0,1
2016-03-28 11:57:16,Raleigh,17.731032238130200,-51.093100241646900,Clouds,No Crash,None,Urban Road,Normal Flow,11,Monday,March,2016,0,0,0,0,1
2017-07-22 19:56:20,Raleigh,40.65926799269040,-11.446192519925100,Clouds,No Crash,None,Urban Road,Normal Flow,19,Saturday,July,2017,0,0,0,0,1
2016-01-30 00:04:45,Raleigh,22.117096078254300,-18.155787832025300,Clouds,No Crash,None,Urban Road,Normal Flow,0,Saturday,January,2016,0,0,0,0,1
2017-06-02 02:53:09,Raleigh,41.4590878678457,-74.49874712006770,Clouds,No Crash,None,Urban Road,Normal Flow,2,Friday,June,2017,0,0,0,0,1
2016-05-03 14:49:31,Raleigh,44.10880025947220,-52.99719286204860,Clouds,No Crash,None,Urban Road,Normal Flow,14,Tuesday,May,2016,0,0,0,0,1
2015-08-24 02:34:35,Raleigh,64.47803974787640,-3.1498018425605500,Clouds,No Crash,None,Urban Road,Normal Flow,2,Monday,August,2015,0,0,0,0,1
2016-09-22 05:34:00,Raleigh,47.030459820485900,-64.1186800423575,Clouds,No Crash,None,Urban Road,Normal Flow,5,Thursday,September,2016,0,0,0,0,1
2016-11-08 20:46:14,Raleigh,48.54140517709030,-6.354424141364350,Clouds,No Crash,None,Urban Road,Normal Flow,20,Tuesday,November,2016,0,0,0,0,1
2016-10-13 16:42:40,Raleigh,25.955622077142200,-27.689769723659900,Clouds,No Crash,None,Urban Road,Normal Flow,16,Thursday,October,2016,0,0,0,0,1
2015-10-12 10:55:52,Raleigh,69.40012579763540,-0.9568663682375130,Clouds,No Crash,None,Urban Road,Normal Flow,10,Monday,October,2015,0,0,0,0,1
2015-08-06 13:15:47,Raleigh,53.895021945453600,-36.91056543606540,Clouds,No Crash,None,Urban Road,Normal Flow,13,Thursday,August,2015,0,0,0,0,1
2017-09-08 15:25:27,Raleigh,79.03853358182850,-26.5261913574313,Clouds,No Crash,None,Urban Road,Normal Flow,15,Friday,September,2017,0,0,0,0,1
2016-11-24 20:25:42,Raleigh,39.38428790265520,-64.96016755015800,Clouds,No Crash,None,Urban Road,Normal Flow,20,Thursday,November,2016,0,0,0,0,1
2016-02-25 06:41:33,Raleigh,36.485553513975500,-64.17999557820120,Clouds,No Crash,None,Urban Road,Normal Flow,6,Thursday,February,2016,0,0,0,0,1
2017-04-21 01:30:13,Raleigh,51.72348064800400,-78.28959178204740,Clouds,No Crash,None,Urban Road,Normal Flow,1,Friday,April,2017,0,0,0,0,1
2017-03-27 04:52:48,Raleigh,45.06468015830650,-32.551609200178500,Clear,No Crash,None,Urban Road,Normal Flow,4,Monday,March,2017,0,0,0,0,1
2016-12-19 10:34:47,Raleigh,4.6821572596956,-53.526822727286300,Clouds,No Crash,None,Urban Road,Normal Flow,10,Monday,December,2016,0,0,0,0,1
2016-09-29 05:16:54,Raleigh,37.27055896389360,-59.1533896647623,Rain,No Crash,None,Urban Road,Normal Flow,5,Thursday,September,2016,0,0,0,0,1
2016-08-01 01:37:18,Raleigh,29.267656536528400,-50.10582309611160,Clouds,No Crash,None,Urban Road,Normal Flow,1,Monday,August,2016,0,0,0,0,1
2016-10-12 03:53:39,Raleigh,71.44721541058740,-81.90239049654370,Clouds,No Crash,None,Urban Road,Normal Flow,3,Wednesday,October,2016,0,0,0,0,1
2015-12-12 13:49:09,Raleigh,46.67797750881110,-33.88439998442710,Clouds,No Crash,None,Urban Road,Normal Flow,13,Saturday,December,2015,0,0,0,0,1
2015-10-10 07:23:10,Raleigh,35.39152461301220,-23.37235220967080,Clouds,No Crash,None,Urban Road,Normal Flow,7,Saturday,October,2015,0,0,0,0,1
2016-12-15 18:49:01,Raleigh,3.9931914057526000,-19.52052919548810,Clear,No Crash,None,Urban Road,Normal Flow,18,Thursday,December,2016,0,0,0,0,1
2017-05-15 23:19:01,Raleigh,24.9634825057794,-45.96065247573810,Clouds,No Crash,None,Urban Road,Normal Flow,23,Monday,May,2017,0,0,0,0,1
2016-01-12 13:06:58,Raleigh,3.3362755535221300,-49.241604541292400,Clear,No Crash,None,Urban Road,Normal Flow,13,Tuesday,January,2016,0,0,0,0,1
2017-07-30 01:33:10,Raleigh,17.362740903093300,-31.95009835733350,Clouds,No Crash,None,Urban Road,Normal Flow,1,Sunday,July,2017,0,0,0,0,1
2016-05-24 10:48:48,Raleigh,31.977722001589800,-70.33018085645750,Clouds,No Crash,None,Urban Road,Normal Flow,10,Tuesday,May,2016,0,0,0,0,1
2015-03-04 18:05:57,Raleigh,12.95544103896560,-52.501102427753800,Clouds,No Crash,None,Urban Road,Normal Flow,18,Wednesday,March,2015,0,0,0,0,1
2017-05-24 20:30:30,Raleigh,41.16484955146430,-17.666446239486600,Clouds,No Crash,None,Urban Road,Normal Flow,20,Wednesday,May,2017,0,0,0,0,1
2016-11-12 08:11:50,Raleigh,26.272140160114800,-54.50071882993890,Clear,No Crash,None,Urban Road,Normal Flow,8,Saturday,November,2016,0,0,0,0,1
2016-09-19 17:42:52,Raleigh,13.922163571246300,-90.38684141874380,Clouds,No Crash,None,Urban Road,Normal Flow,17,Monday,September,2016,0,0,0,0,1
2016-08-16 20:39:17,Raleigh,46.3268694187422,-53.556469711183600,Rain,No Crash,None,Urban Road,Normal Flow,20,Tuesday,August,2016,0,0,0,0,1
2015-05-16 20:25:13,Raleigh,77.01091154631820,-89.26823570614300,Clouds,No Crash,None,Urban Road,Normal Flow,20,Saturday,May,2015,0,0,0,0,1
2015-02-08 02:02:21,Raleigh,74.38827482316860,-7.550525462407390,Clouds,No Crash,None,Urban Road,Normal Flow,2,Sunday,February,2015,0,0,0,0,1
2017-04-26 02:20:50,Raleigh,10.30032427695750,-51.041366316773800,Clouds,No Crash,None,Urban Road,Normal Flow,2,Wednesday,April,2017,0,0,0,0,1
2016-07-14 15:02:12,Raleigh,33.201108860103800,-66.4125380661184,Clouds,No Crash,None,Urban Road,Normal Flow,15,Thursday,July,2016,0,0,0,0,1
2016-02-23 22:28:59,Raleigh,38.976779528723300,-23.841981440061000,Clouds,No Crash,None,Urban Road,Normal Flow,22,Tuesday,February,2016,0,0,0,0,1
2017-07-05 10:34:54,Raleigh,49.785093644543800,-84.36296123835970,Clouds,No Crash,None,Urban Road,Normal Flow,10,Wednesday,July,2017,0,0,0,0,1
2016-06-26 22:58:07,Raleigh,40.36212642015710,-73.35964693503490,Clouds,No Crash,None,Urban Road,Normal Flow,22,Sunday,June,2016,0,0,0,0,1
2016-10-16 07:56:59,Raleigh,72.32766705415930,-82.0531652476639,Snow,No Crash,None,Urban Road,Normal Flow,7,Sunday,October,2016,0,0,0,0,1
2017-04-06 20:05:54,Raleigh,23.115459992392900,-82.55113904856170,Clouds,No Crash,None,Urban Road,Normal Flow,20,Thursday,April,2017,0,0,0,0,1
2015-11-17 02:25:11,Raleigh,8.22764157663442,-32.96796535572570,Clouds,No Crash,None,Urban Road,Normal Flow,2,Tuesday,November,2015,0,0,0,0,1
2015-12-26 18:53:12,Raleigh,59.34240557934370,-75.11347791953700,Rain,No Crash,None,Urban Road,Normal Flow,18,Saturday,December,2015,0,0,0,0,1
2016-06-21 07:40:16,Raleigh,26.973527654224000,-82.42645998017960,Clear,No Crash,None,Urban Road,Normal Flow,7,Tuesday,June,2016,0,0,0,0,1
2016-02-13 07:00:47,Raleigh,2.3332878726675100,-89.45636808619990,Clouds,No Crash,None,Urban Road,Normal Flow,7,Saturday,February,2016,0,0,0,0,1
2017-01-01 05:01:00,Raleigh,50.766600585049100,-13.994780880277600,Clouds,No Crash,None,Urban Road,Normal Flow,5,Sunday,January,2017,0,0,0,0,1
2016-03-31 14:22:32,Raleigh,33.01756232036410,-23.109181461537200,Clouds,No Crash,None,Urban Road,Normal Flow,14,Thursday,March,2016,0,0,0,0,1
2016-03-24 14:50:03,Raleigh,11.179912814899500,-77.40114545981340,Clouds,No Crash,None,Urban Road,Normal Flow,14,Thursday,March,2016,0,0,0,0,1
2016-12-07 18:02:11,Raleigh,19.743513213213500,-78.44469089515290,Rain,No Crash,None,Urban Road,Normal Flow,18,Wednesday,December,2016,0,0,0,0,1
2017-03-01 03:54:06,Raleigh,44.22211907522570,-15.650133857289300,Clouds,No Crash,None,Urban Road,Normal Flow,3,Wednesday,March,2017,0,0,0,0,1
2016-11-29 22:49:55,Raleigh,26.748102459310100,-70.58660768584980,Clouds,No Crash,None,Urban Road,Normal Flow,22,Tuesday,November,2016,0,0,0,0,1
2016-08-23 02:18:53,Raleigh,35.39902774487210,-68.18972286392720,Clouds,No Crash,None,Urban Road,Normal Flow,2,Tuesday,August,2016,0,0,0,0,1
2015-07-01 02:09:43,Raleigh,33.80583815369400,-34.40355557413650,Rain,No Crash,None,Urban Road,Normal Flow,2,Wednesday,July,2015,0,0,0,0,1
2016-09-06 21:40:24,Raleigh,51.05642828691410,-76.56863018469290,Clouds,No Crash,None,Urban Road,Normal Flow,21,Tuesday,September,2016,0,0,0,0,1
2016-07-27 11:55:30,Raleigh,71.44421548264810,-18.50477896759940,Clouds,No Crash,None,Urban Road,Normal Flow,11,Wednesday,July,2016,0,0,0,0,1
2015-07-26 11:20:22,Raleigh,61.25539105745650,-85.76988031475660,Clouds,No Crash,None,Urban Road,Normal Flow,11,Sunday,July,2015,0,0,0,0,1
2016-09-14 12:21:06,Raleigh,25.56050584423620,-46.699829215684700,Clouds,No Crash,None,Urban Road,Normal Flow,12,Wednesday,September,2016,0,0,0,0,1
2015-01-21 07:13:39,Raleigh,20.369399800877800,-68.33019186289010,Clouds,No Crash,None,Urban Road,Normal Flow,7,Wednesday,January,2015,0,0,0,0,1
2015-04-08 06:16:04,Raleigh,66.57063319528500,-48.88683607031740,Clouds,No Crash,None,Urban Road,Normal Flow,6,Wednesday,April,2015,0,0,0,0,1
2016-08-29 12:14:32,Raleigh,3.457584005501180,-60.01933852055680,Clouds,No Crash,None,Urban Road,Normal Flow,12,Monday,August,2016,0,0,0,0,1
2017-07-25 11:59:39,Raleigh,78.66065748639600,-62.42343718331340,Clouds,No Crash,None,Urban Road,Normal Flow,11,Tuesday,July,2017,0,0,0,0,1
2017-02-14 04:36:24,Raleigh,0.8583374474528460,-85.88703537893520,Clouds,No Crash,None,Urban Road,Normal Flow,4,Tuesday,February,2017,0,0,0,0,1
2015-10-15 07:55:28,Raleigh,74.77175516710700,-39.33719147950750,Clouds,No Crash,None,Urban Road,Normal Flow,7,Thursday,October,2015,0,0,0,0,1
2015-06-13 16:44:52,Raleigh,24.6944289925011,-39.41477616334500,Clear,No Crash,None,Urban Road,Normal Flow,16,Saturday,June,2015,0,0,0,0,1
2015-11-27 17:30:48,Raleigh,4.689473048582950,-20.978191790135700,Rain,No Crash,None,Urban Road,Normal Flow,17,Friday,November,2015,0,0,0,0,1
2015-04-24 04:40:32,Raleigh,78.14572989525800,-74.0788630695024,Clouds,No Crash,None,Urban Road,Normal Flow,4,Friday,April,2015,0,0,0,0,1
2015-12-24 23:11:48,Raleigh,4.76799644344147,-49.245986646685800,Clouds,No Crash,None,Urban Road,Normal Flow,23,Thursday,December,2015,0,0,0,0,1
2017-06-16 21:35:18,Raleigh,37.153072923051100,-76.15713346399720,Clouds,No Crash,None,Urban Road,Normal Flow,21,Friday,June,2017,0,0,0,0,1
2015-01-26 10:45:48,Raleigh,33.93317280311670,-86.15508390053890,Clear,No Crash,None,Urban Road,Normal Flow,10,Monday,January,2015,0,0,0,0,1
2015-08-12 10:59:24,Raleigh,5.31867705814128,-57.950553479167300,Rain,No Crash,None,Urban Road,Normal Flow,10,Wednesday,August,2015,0,0,0,0,1
2017-06-22 14:09:54,Raleigh,17.238057376860700,-39.413882936318100,Clear,No Crash,None,Urban Road,Normal Flow,14,Thursday,June,2017,0,0,0,0,1
2016-10-07 02:42:38,Raleigh,72.07758979286510,-74.00259217221990,Clouds,No Crash,None,Urban Road,Normal Flow,2,Friday,October,2016,0,0,0,0,1
2015-11-23 08:29:00,Raleigh,68.9575024576497,-64.09060152738770,Clouds,No Crash,None,Urban Road,Normal Flow,8,Monday,November,2015,0,0,0,0,1
2015-10-29 09:33:47,Raleigh,4.637805535700670,-1.7511766837068200,Rain,No Crash,None,Urban Road,Normal Flow,9,Thursday,October,2015,0,0,0,0,1
2017-01-09 09:51:23,Raleigh,18.687587053039700,-23.564106998305500,Clear,No Crash,None,Urban Road,Normal Flow,9,Monday,January,2017,0,0,0,0,1
2015-06-23 01:08:05,Raleigh,44.26957491710950,-12.666649683403800,Rain,No Crash,None,Urban Road,Normal Flow,1,Tuesday,June,2015,0,0,0,0,1
2015-07-27 17:34:17,Raleigh,12.834927174216700,-42.101364726483200,Clouds,No Crash,None,Urban Road,Normal Flow,17,Monday,July,2015,0,0,0,0,1
2015-08-22 06:06:11,Raleigh,9.846153796033360,-82.41103800864340,Clouds,No Crash,None,Urban Road,Normal Flow,6,Saturday,August,2015,0,0,0,0,1
2016-04-11 05:49:08,Raleigh,29.460858898504400,-9.449341695191760,Clear,No Crash,None,Urban Road,Normal Flow,5,Monday,April,2016,0,0,0,0,1
2016-04-08 04:36:49,Raleigh,24.80970867740560,-53.9174064527899,Rain,No Crash,None,Urban Road,Normal Flow,4,Friday,April,2016,0,0,0,0,1
2016-08-29 14:35:24,Raleigh,35.06449045693160,-22.51962598116980,Clouds,No Crash,None,Urban Road,Normal Flow,14,Monday,August,2016,0,0,0,0,1
2017-08-08 19:56:12,Raleigh,67.20412812104820,-31.408756236738200,Clear,No Crash,None,Urban Road,Normal Flow,19,Tuesday,August,2017,0,0,0,0,1
2015-04-18 13:56:48,Raleigh,19.646315105803900,-18.232009822187300,Clear,No Crash,None,Urban Road,Normal Flow,13,Saturday,April,2015,0,0,0,0,1
2015-04-14 15:52:17,Raleigh,67.39511137707200,-47.486720865449100,Clouds,No Crash,None,Urban Road,Normal Flow,15,Tuesday,April,2015,0,0,0,0,1
2017-07-12 15:19:30,Raleigh,58.19008779458340,-3.7406290383213300,Clouds,No Crash,None,Urban Road,Normal Flow,15,Wednesday,July,2017,0,0,0,0,1
2015-02-13 22:10:24,Raleigh,74.83906816769500,-0.9428219628325680,Clouds,No Crash,None,Urban Road,Normal Flow,22,Friday,February,2015,0,0,0,0,1
2016-12-22 02:28:42,Raleigh,26.07964268986820,-27.984735046833500,Clouds,No Crash,None,Urban Road,Normal Flow,2,Thursday,December,2016,0,0,0,0,1
2016-06-08 02:13:36,Raleigh,71.48484984067030,-22.501009853299400,Clouds,No Crash,None,Urban Road,Normal Flow,2,Wednesday,June,2016,0,0,0,0,1
2016-04-11 22:13:57,Raleigh,63.48598670067030,-74.163842929724,Snow,No Crash,None,Urban Road,Normal Flow,22,Monday,April,2016,0,0,0,0,1
2015-12-20 11:00:25,Raleigh,24.1535158361623,-2.631814711785980,Clouds,No Crash,None,Urban Road,Normal Flow,11,Sunday,December,2015,0,0,0,0,1
2017-01-29 19:29:04,Raleigh,64.05296453969930,-35.52609317926490,Clouds,No Crash,None,Urban Road,Normal Flow,19,Sunday,January,2017,0,0,0,0,1
2015-02-13 22:18:45,Raleigh,12.382663546793300,-18.078403705360600,Rain,No Crash,None,Urban Road,Normal Flow,22,Friday,February,2015,0,0,0,0,1
2016-05-09 17:04:28,Raleigh,14.968307276673900,-1.975331213266090,Clouds,No Crash,None,Urban Road,Normal Flow,17,Monday,May,2016,0,0,0,0,1
2016-10-21 10:47:30,Raleigh,69.33015470969440,-5.541507269550480,Clouds,No Crash,None,Urban Road,Normal Flow,10,Friday,October,2016,0,0,0,0,1
2017-04-12 08:28:59,Raleigh,69.76491159910690,-23.888197235607200,Clouds,No Crash,None,Urban Road,Normal Flow,8,Wednesday,April,2017,0,0,0,0,1
2016-06-10 01:06:43,Raleigh,56.76090547771740,-72.33400734977230,Rain,No Crash,None,Urban Road,Normal Flow,1,Friday,June,2016,0,0,0,0,1
2015-09-19 22:12:20,Raleigh,29.158386692880000,-56.943166294649100,Clouds,No Crash,None,Urban Road,Normal Flow,22,Saturday,September,2015,0,0,0,0,1
2017-08-02 04:10:31,Raleigh,55.304720123629900,-24.16953942583030,Rain,No Crash,None,Urban Road,Normal Flow,4,Wednesday,August,2017,0,0,0,0,1
2017-07-07 20:49:18,Raleigh,72.54709932585570,-61.70064362075730,Clouds,No Crash,None,Urban Road,Normal Flow,20,Friday,July,2017,0,0,0,0,1
2015-05-13 16:17:17,Raleigh,58.689402488329900,-31.97182674286540,Clouds,No Crash,None,Urban Road,Normal Flow,16,Wednesday,May,2015,0,0,0,0,1
2015-05-31 10:07:59,Raleigh,9.406010321330110,-11.649558781376300,Rain,No Crash,None,Urban Road,Normal Flow,10,Sunday,May,2015,0,0,0,0,1
2015-11-01 04:21:30,Raleigh,0.29753308542595400,-9.022025114435040,Clouds,No Crash,None,Urban Road,Normal Flow,4,Sunday,November,2015,0,0,0,0,1
2016-06-18 00:04:20,Raleigh,64.54401106349710,-83.80781616841730,Clouds,No Crash,None,Urban Road,Normal Flow,0,Saturday,June,2016,0,0,0,0,1
2015-11-30 16:31:23,Raleigh,71.0095268001167,-20.72370898289110,Clouds,No Crash,None,Urban Road,Normal Flow,16,Monday,November,2015,0,0,0,0,1
2017-09-16 18:47:59,Raleigh,60.15051502858630,-57.67116013611270,Clouds,No Crash,None,Urban Road,Normal Flow,18,Saturday,September,2017,0,0,0,0,1
2015-05-22 17:47:52,Raleigh,60.89026379991680,-60.401512284430800,Rain,No Crash,None,Urban Road,Normal Flow,17,Friday,May,2015,0,0,0,0,1
2016-07-17 18:56:48,Raleigh,36.83660071431970,-9.600726931563690,Clouds,No Crash,None,Urban Road,Normal Flow,18,Sunday,July,2016,0,0,0,0,1
2016-01-09 03:42:18,Raleigh,42.666626732726700,-73.10375257808460,Clear,No Crash,None,Urban Road,Normal Flow,3,Saturday,January,2016,0,0,0,0,1
2017-03-06 11:47:37,Raleigh,77.01883756702370,-81.0913291293121,Clouds,No Crash,None,Urban Road,Normal Flow,11,Monday,March,2017,0,0,0,0,1
2015-01-15 02:05:39,Raleigh,12.313793293209900,-3.749386037968560,Clouds,No Crash,None,Urban Road,Normal Flow,2,Thursday,January,2015,0,0,0,0,1
2017-05-10 05:35:46,Raleigh,26.929769426002300,-5.738137084375820,Clouds,No Crash,None,Urban Road,Normal Flow,5,Wednesday,May,2017,0,0,0,0,1
2016-09-13 06:52:04,Raleigh,71.99436010827110,-63.27843677824500,Clouds,No Crash,None,Urban Road,Normal Flow,6,Tuesday,September,2016,0,0,0,0,1
2017-05-21 08:07:58,Raleigh,14.82676223154170,-15.476199492245700,Rain,No Crash,None,Urban Road,Normal Flow,8,Sunday,May,2017,0,0,0,0,1
2017-06-21 21:23:57,Raleigh,56.65944722851340,-17.183343921434800,Rain,No Crash,None,Urban Road,Normal Flow,21,Wednesday,June,2017,0,0,0,0,1
2016-08-03 01:56:33,Raleigh,72.7475626009095,-27.88539870597410,Clouds,No Crash,None,Urban Road,Normal Flow,1,Wednesday,August,2016,0,0,0,0,1
2015-08-04 19:47:09,Raleigh,50.12805498374630,-69.74727412656810,Clouds,No Crash,None,Urban Road,Normal Flow,19,Tuesday,August,2015,0,0,0,0,1
2015-01-08 09:11:14,Raleigh,44.24540052889400,-10.14230177782040,Rain,No Crash,None,Urban Road,Normal Flow,9,Thursday,January,2015,0,0,0,0,1
2015-01-03 00:40:39,Raleigh,34.8495930537228,-17.85761959227340,Clouds,No Crash,None,Urban Road,Normal Flow,0,Saturday,January,2015,0,0,0,0,1
2016-01-22 04:35:01,Raleigh,39.700238031867000,-67.43164829349770,Clouds,No Crash,None,Urban Road,Normal Flow,4,Friday,January,2016,0,0,0,0,1
2015-03-11 11:05:47,Raleigh,30.794394525954000,-38.72182984576950,Clear,No Crash,None,Urban Road,Normal Flow,11,Wednesday,March,2015,0,0,0,0,1
2015-03-04 20:21:59,Raleigh,14.685990118263400,-3.4900453754647300,Clouds,No Crash,None,Urban Road,Normal Flow,20,Wednesday,March,2015,0,0,0,0,1
2016-04-17 15:18:37,Raleigh,73.48686373094530,-58.6551673633468,Clouds,No Crash,None,Urban Road,Normal Flow,15,Sunday,April,2016,0,0,0,0,1
2015-08-01 14:06:26,Raleigh,58.410944644598900,-11.831795295406900,Clouds,No Crash,None,Urban Road,Normal Flow,14,Saturday,August,2015,0,0,0,0,1
2015-07-19 22:56:07,Raleigh,41.7367013661588,-22.018435094043300,Clouds,No Crash,None,Urban Road,Normal Flow,22,Sunday,July,2015,0,0,0,0,1
2015-11-14 02:41:14,Raleigh,76.63840952609020,-57.42046163397320,Clouds,No Crash,None,Urban Road,Normal Flow,2,Saturday,November,2015,0,0,0,0,1
2016-10-16 17:55:47,Raleigh,50.54597827249520,-42.60681009274520,Clouds,No Crash,None,Urban Road,Normal Flow,17,Sunday,October,2016,0,0,0,0,1
2015-02-12 04:21:20,Raleigh,29.65387120677220,-85.88893919792460,Clear,No Crash,None,Urban Road,Normal Flow,4,Thursday,February,2015,0,0,0,0,1
2016-03-01 15:20:04,Raleigh,29.797012627812600,-31.94361022786740,Clear,No Crash,None,Urban Road,Normal Flow,15,Tuesday,March,2016,0,0,0,0,1
2016-03-18 22:08:34,Raleigh,7.5022039928604800,-22.179795896452500,Rain,No Crash,None,Urban Road,Normal Flow,22,Friday,March,2016,0,0,0,0,1
2015-06-29 04:36:40,Raleigh,22.858676259028200,-71.63324251161090,Clouds,No Crash,None,Urban Road,Normal Flow,4,Monday,June,2015,0,0,0,0,1
2015-05-24 10:37:08,Raleigh,44.23995600176140,-34.98571241643680,Clouds,No Crash,None,Urban Road,Normal Flow,10,Sunday,May,2015,0,0,0,0,1
2015-02-02 19:05:51,Raleigh,75.662383318402,-62.44470532837860,Clouds,No Crash,None,Urban Road,Normal Flow,19,Monday,February,2015,0,0,0,0,1
2015-02-17 14:17:49,Raleigh,53.3774165914689,-77.13491649963530,Rain,No Crash,None,Urban Road,Normal Flow,14,Tuesday,February,2015,0,0,0,0,1
2015-10-15 18:45:55,Raleigh,0.10301186475964000,-0.04585746300482190,Clouds,No Crash,None,Urban Road,Normal Flow,18,Thursday,October,2015,0,0,0,0,1
2015-03-26 21:49:12,Raleigh,66.06424139672770,-78.70338797881410,Clear,No Crash,None,Urban Road,Normal Flow,21,Thursday,March,2015,0,0,0,0,1
2016-12-27 10:50:18,Raleigh,20.32858314367020,-83.1212572708728,Clouds,No Crash,None,Urban Road,Normal Flow,10,Tuesday,December,2016,0,0,0,0,1
2016-11-19 02:39:17,Raleigh,30.31199989434180,-8.058060959546450,Clouds,No Crash,None,Urban Road,Normal Flow,2,Saturday,November,2016,0,0,0,0,1
2016-07-24 06:53:29,Raleigh,49.61737248553120,-81.10264926020450,Clouds,No Crash,None,Urban Road,Normal Flow,6,Sunday,July,2016,0,0,0,0,1
2015-08-05 16:08:54,Raleigh,9.739336368810120,-48.288676502787500,Clouds,No Crash,None,Urban Road,Normal Flow,16,Wednesday,August,2015,0,0,0,0,1
2016-05-11 03:12:25,Raleigh,7.999885564218790,-72.21062930036680,Clouds,No Crash,None,Urban Road,Normal Flow,3,Wednesday,May,2016,0,0,0,0,1
2017-03-23 10:04:00,Raleigh,36.333846694055100,-85.26340551296480,Clouds,No Crash,None,Urban Road,Normal Flow,10,Thursday,March,2017,0,0,0,0,1
2015-10-22 05:39:13,Raleigh,13.258142944907800,-67.62764843692250,Clouds,No Crash,None,Urban Road,Normal Flow,5,Thursday,October,2015,0,0,0,0,1
2016-03-30 00:19:13,Raleigh,46.12980845070300,-63.12063212666500,Mist,No Crash,None,Urban Road,Normal Flow,0,Wednesday,March,2016,0,0,0,0,1
2017-07-17 15:13:21,Raleigh,74.9767345248268,-19.559118720296800,Clear,No Crash,None,Urban Road,Normal Flow,15,Monday,July,2017,0,0,0,0,1
2017-09-01 10:49:33,Raleigh,79.19184412546100,-11.322973158089700,Clouds,No Crash,None,Urban Road,Normal Flow,10,Friday,September,2017,0,0,0,0,1
2015-09-29 13:29:01,Raleigh,26.331260461870600,-77.87699606713720,Clouds,No Crash,None,Urban Road,Normal Flow,13,Tuesday,September,2015,0,0,0,0,1
2016-07-16 14:54:03,Raleigh,41.25041199687210,-35.49642286085470,Clouds,No Crash,None,Urban Road,Normal Flow,14,Saturday,July,2016,0,0,0,0,1
2016-08-28 06:25:17,Raleigh,13.539404699778800,-18.63397828920380,Clouds,No Crash,None,Urban Road,Normal Flow,6,Sunday,August,2016,0,0,0,0,1
2015-10-30 05:32:16,Raleigh,37.80481418977660,-52.09282027661200,Rain,No Crash,None,Urban Road,Normal Flow,5,Friday,October,2015,0,0,0,0,1
2017-02-10 00:42:15,Raleigh,38.55339771835400,-1.281588661752710,Clear,No Crash,None,Urban Road,Normal Flow,0,Friday,February,2017,0,0,0,0,1
2016-02-27 15:03:32,Raleigh,23.21603819771130,-0.12097899195025300,Clouds,No Crash,None,Urban Road,Normal Flow,15,Saturday,February,2016,0,0,0,0,1
2017-09-07 20:45:50,Raleigh,39.85102085807180,-55.37275751510130,Rain,No Crash,None,Urban Road,Normal Flow,20,Thursday,September,2017,0,0,0,0,1
2016-03-14 03:21:29,Raleigh,16.033779943239700,-12.711244397050300,Clouds,No Crash,None,Urban Road,Normal Flow,3,Monday,March,2016,0,0,0,0,1
2015-06-26 19:07:41,Raleigh,54.32679028701560,-82.98115510741510,Clouds,No Crash,None,Urban Road,Normal Flow,19,Friday,June,2015,0,0,0,0,1
2017-05-30 21:38:05,Raleigh,10.51720260766580,-61.90165212061640,Clouds,No Crash,None,Urban Road,Normal Flow,21,Tuesday,May,2017,0,0,0,0,1
2016-06-03 02:02:02,Raleigh,64.73793726843650,-21.087144026084400,Clouds,No Crash,None,Urban Road,Normal Flow,2,Friday,June,2016,0,0,0,0,1
2017-03-26 21:42:34,Raleigh,26.5392146748825,-77.33890301373510,Clouds,No Crash,None,Urban Road,Normal Flow,21,Sunday,March,2017,0,0,0,0,1
2015-07-06 09:56:14,Raleigh,58.192576372630100,-43.45897144558010,Clouds,No Crash,None,Urban Road,Normal Flow,9,Monday,July,2015,0,0,0,0,1
2017-06-08 17:07:57,Raleigh,42.199868199789900,-46.19495060545960,Clear,No Crash,None,Urban Road,Normal Flow,17,Thursday,June,2017,0,0,0,0,1
2017-04-13 23:48:23,Raleigh,69.57812808802510,-60.25411118956930,Clouds,No Crash,None,Urban Road,Normal Flow,23,Thursday,April,2017,0,0,0,0,1
2016-11-26 17:07:41,Raleigh,74.60571628202000,-88.34995422780630,Clouds,No Crash,None,Urban Road,Normal Flow,17,Saturday,November,2016,0,0,0,0,1
2015-04-25 21:21:21,Raleigh,21.099797193057600,-26.87219052653720,Clear,No Crash,None,Urban Road,Normal Flow,21,Saturday,April,2015,0,0,0,0,1
2016-10-23 16:38:05,Raleigh,51.26222343279550,-16.857302297988200,Rain,No Crash,None,Urban Road,Normal Flow,16,Sunday,October,2016,0,0,0,0,1
2015-05-22 21:23:28,Raleigh,9.342417800242160,-22.92040664558490,Clouds,No Crash,None,Urban Road,Normal Flow,21,Friday,May,2015,0,0,0,0,1
2016-01-30 03:23:58,Raleigh,30.04853774546680,-80.88230112552680,Clouds,No Crash,None,Urban Road,Normal Flow,3,Saturday,January,2016,0,0,0,0,1
2016-06-25 15:26:40,Raleigh,39.75687134324200,-40.96692756794740,Rain,No Crash,None,Urban Road,Normal Flow,15,Saturday,June,2016,0,0,0,0,1
2015-09-24 12:17:58,Raleigh,72.65649705372810,-45.04326854948500,Clouds,No Crash,None,Urban Road,Normal Flow,12,Thursday,September,2015,0,0,0,0,1
2017-10-01 22:38:17,Raleigh,78.42960336089510,-39.81634826239330,Clouds,No Crash,None,Urban Road,Normal Flow,22,Sunday,October,2017,0,0,0,0,1
2015-08-26 13:36:20,Raleigh,58.346106016264900,-81.17102376686220,Rain,No Crash,None,Urban Road,Normal Flow,13,Wednesday,August,2015,0,0,0,0,1
2015-12-08 02:57:03,Raleigh,41.65644594664330,-82.17245849436420,Clouds,No Crash,None,Urban Road,Normal Flow,2,Tuesday,December,2015,0,0,0,0,1
2016-07-26 04:03:08,Raleigh,43.040204094129100,-70.91819941161220,Clouds,No Crash,None,Urban Road,Normal Flow,4,Tuesday,July,2016,0,0,0,0,1
2016-01-19 03:13:24,Raleigh,79.0294187936099,-24.84849049256830,Clouds,No Crash,None,Urban Road,Normal Flow,3,Tuesday,January,2016,0,0,0,0,1
2016-03-01 13:15:42,Raleigh,59.10105911252730,-85.62030873328820,Clouds,No Crash,None,Urban Road,Normal Flow,13,Tuesday,March,2016,0,0,0,0,1
2017-03-16 21:37:50,Raleigh,32.92526905967280,-90.28787071223060,Clouds,No Crash,None,Urban Road,Normal Flow,21,Thursday,March,2017,0,0,0,0,1
2017-08-25 03:04:50,Raleigh,6.4888156147620100,-30.59081834932890,Rain,No Crash,None,Urban Road,Normal Flow,3,Friday,August,2017,0,0,0,0,1
2017-05-18 10:23:51,Raleigh,76.88265156152870,-45.45627231449510,Clouds,No Crash,None,Urban Road,Normal Flow,10,Thursday,May,2017,0,0,0,0,1
2016-12-06 06:58:04,Raleigh,73.89609221792640,-18.179999226429000,Clear,No Crash,None,Urban Road,Normal Flow,6,Tuesday,December,2016,0,0,0,0,1
2016-04-26 04:11:04,Raleigh,79.04178641935310,-81.15308530552950,Clear,No Crash,None,Urban Road,Normal Flow,4,Tuesday,April,2016,0,0,0,0,1
2015-10-02 22:32:04,Raleigh,73.8233791138255,-18.305484079380700,Clear,No Crash,None,Urban Road,Normal Flow,22,Friday,October,2015,0,0,0,0,1
2015-04-05 03:32:14,Raleigh,7.838686564913900,-87.43121846058920,Clouds,No Crash,None,Urban Road,Normal Flow,3,Sunday,April,2015,0,0,0,0,1
2016-12-06 08:00:11,Raleigh,13.509950542827500,-62.32692473130720,Clouds,No Crash,None,Urban Road,Normal Flow,8,Tuesday,December,2016,0,0,0,0,1
2015-05-07 15:22:45,Raleigh,37.691880370761100,-57.392993240850600,Rain,No Crash,None,Urban Road,Normal Flow,15,Thursday,May,2015,0,0,0,0,1
2017-03-24 08:32:54,Raleigh,48.16033223123730,-70.4727348551719,Clouds,No Crash,None,Urban Road,Normal Flow,8,Friday,March,2017,0,0,0,0,1
2015-03-04 07:02:59,Raleigh,13.261182276623200,-65.2650509131775,Clouds,No Crash,None,Urban Road,Normal Flow,7,Wednesday,March,2015,0,0,0,0,1
2015-03-15 19:42:53,Raleigh,47.21161940988180,-60.16537286088230,Clouds,No Crash,None,Urban Road,Normal Flow,19,Sunday,March,2015,0,0,0,0,1
2015-02-11 00:02:30,Raleigh,69.03737967987310,-20.48556269223550,Clouds,No Crash,None,Urban Road,Normal Flow,0,Wednesday,February,2015,0,0,0,0,1
2016-05-06 02:08:06,Raleigh,62.018537879508600,-10.478001018079100,Clouds,No Crash,None,Urban Road,Normal Flow,2,Friday,May,2016,0,0,0,0,1
2015-01-17 11:44:54,Raleigh,17.119661835150300,-77.69134479979510,Clouds,No Crash,None,Urban Road,Normal Flow,11,Saturday,January,2015,0,0,0,0,1
2016-01-16 19:30:02,Raleigh,33.66059668101760,-30.86467864725760,Clouds,No Crash,None,Urban Road,Normal Flow,19,Saturday,January,2016,0,0,0,0,1
2016-03-30 23:47:53,Raleigh,47.99912370044460,-62.492155792503600,Clouds,No Crash,None,Urban Road,Normal Flow,23,Wednesday,March,2016,0,0,0,0,1
2016-06-05 19:34:34,Raleigh,11.782705875269800,-88.20067086318270,Clouds,No Crash,None,Urban Road,Normal Flow,19,Sunday,June,2016,0,0,0,0,1
2016-07-09 15:59:02,Raleigh,19.981982746609500,-83.45040656697070,Clouds,No Crash,None,Urban Road,Normal Flow,15,Saturday,July,2016,0,0,0,0,1
2017-08-27 06:58:47,Raleigh,25.083068004367000,-81.16806579243610,Clear,No Crash,None,Urban Road,Normal Flow,6,Sunday,August,2017,0,0,0,0,1
2017-09-29 00:49:52,Raleigh,52.528148393104800,-22.96786304516520,Rain,No Crash,None,Urban Road,Normal Flow,0,Friday,September,2017,0,0,0,0,1
2016-08-10 08:35:07,Raleigh,77.37430868627680,-75.62711692436370,Clouds,No Crash,None,Urban Road,Normal Flow,8,Wednesday,August,2016,0,0,0,0,1
2017-01-27 00:47:15,Raleigh,61.72916370970510,-74.87960021607460,Snow,No Crash,None,Urban Road,Normal Flow,0,Friday,January,2017,0,0,0,0,1
2015-06-14 19:43:31,Raleigh,38.0042958567688,-67.40530419579130,Clouds,No Crash,None,Urban Road,Normal Flow,19,Sunday,June,2015,0,0,0,0,1
2017-08-31 10:21:30,Raleigh,43.858457548576700,-82.93113160765170,Clouds,No Crash,None,Urban Road,Normal Flow,10,Thursday,August,2017,0,0,0,0,1
2015-04-05 14:59:52,Raleigh,21.26487403678800,-75.10122524074550,Rain,No Crash,None,Urban Road,Normal Flow,14,Sunday,April,2015,0,0,0,0,1
2015-07-13 10:01:52,Raleigh,27.764781221903000,-71.58072299623090,Clouds,No Crash,None,Urban Road,Normal Flow,10,Monday,July,2015,0,0,0,0,1
2015-05-08 16:30:41,Raleigh,55.46081713798900,-0.9693348010395800,Clouds,No Crash,None,Urban Road,Normal Flow,16,Friday,May,2015,0,0,0,0,1
2015-03-16 15:53:25,Raleigh,26.36398907381350,-37.03324503246700,Clear,No Crash,None,Urban Road,Normal Flow,15,Monday,March,2015,0,0,0,0,1
2016-10-26 11:41:39,Raleigh,45.42158916410400,-67.2659973167377,Clear,No Crash,None,Urban Road,Normal Flow,11,Wednesday,October,2016,0,0,0,0,1
2017-07-31 01:00:44,Raleigh,37.02481229377700,-24.112879765584800,Clouds,No Crash,None,Urban Road,Normal Flow,1,Monday,July,2017,0,0,0,0,1
2015-07-13 00:52:27,Raleigh,65.96672540593260,-23.25604264352120,Clouds,No Crash,None,Urban Road,Normal Flow,0,Monday,July,2015,0,0,0,0,1
2016-02-15 19:16:31,Raleigh,45.51405544059190,-13.205708254962000,Clouds,No Crash,None,Urban Road,Normal Flow,19,Monday,February,2016,0,0,0,0,1
2017-09-13 19:42:58,Raleigh,16.332471664834000,-35.59742446342420,Clouds,No Crash,None,Urban Road,Normal Flow,19,Wednesday,September,2017,0,0,0,0,1
2017-09-23 19:07:17,Raleigh,34.69081461881830,-44.59210901816710,Rain,No Crash,None,Urban Road,Normal Flow,19,Saturday,September,2017,0,0,0,0,1
2016-04-20 17:08:31,Raleigh,70.28356116423670,-57.58346084309480,Clouds,No Crash,None,Urban Road,Normal Flow,17,Wednesday,April,2016,0,0,0,0,1
2015-08-18 08:13:53,Raleigh,7.071084823326630,-67.07749090460430,Clouds,No Crash,None,Urban Road,Normal Flow,8,Tuesday,August,2015,0,0,0,0,1
2017-03-02 05:19:53,Raleigh,43.36645455829080,-18.92168304552280,Clouds,No Crash,None,Urban Road,Normal Flow,5,Thursday,March,2017,0,0,0,0,1
2016-02-29 03:07:17,Raleigh,11.622878440611700,-75.14937821741710,Clouds,No Crash,None,Urban Road,Normal Flow,3,Monday,February,2016,0,0,0,0,1
2015-04-24 18:51:52,Raleigh,42.70190500004940,-85.86138900640710,Rain,No Crash,None,Urban Road,Normal Flow,18,Friday,April,2015,0,0,0,0,1
2017-01-09 09:44:57,Raleigh,64.6729447741754,-2.919664530796060,Clouds,No Crash,None,Urban Road,Normal Flow,9,Monday,January,2017,0,0,0,0,1
2016-01-02 18:01:16,Raleigh,69.7210788296888,-58.72009618446390,Clouds,No Crash,None,Urban Road,Normal Flow,18,Saturday,January,2016,0,0,0,0,1
2016-02-26 15:27:38,Raleigh,5.908220983057210,-24.170524659368200,Clouds,No Crash,None,Urban Road,Normal Flow,15,Friday,February,2016,0,0,0,0,1
2016-04-14 02:30:19,Raleigh,51.7454504294484,-75.34734643131130,Rain,No Crash,None,Urban Road,Normal Flow,2,Thursday,April,2016,0,0,0,0,1
2016-07-05 02:27:49,Raleigh,68.7600207575228,-18.180117657776100,Clear,No Crash,None,Urban Road,Normal Flow,2,Tuesday,July,2016,0,0,0,0,1
2017-09-04 18:07:30,Raleigh,28.48593473703900,-89.15623704354130,Clouds,No Crash,None,Urban Road,Normal Flow,18,Monday,September,2017,0,0,0,0,1
2017-08-15 19:25:27,Raleigh,73.44523338794540,-77.8662978161125,Clouds,No Crash,None,Urban Road,Normal Flow,19,Tuesday,August,2017,0,0,0,0,1
2016-12-26 06:25:12,Raleigh,39.12372937152790,-55.06195035299920,Rain,No Crash,None,Urban Road,Normal Flow,6,Monday,December,2016,0,0,0,0,1
2015-07-05 11:15:24,Raleigh,60.38078787476310,-21.91732452416090,Rain,No Crash,None,Urban Road,Normal Flow,11,Sunday,July,2015,0,0,0,0,1
2016-01-29 06:22:21,Raleigh,24.53866128978960,-66.57888815742770,Clear,No Crash,None,Urban Road,Normal Flow,6,Friday,January,2016,0,0,0,0,1
2016-10-05 20:03:02,Raleigh,49.10384471356680,-73.68155020397420,Clouds,No Crash,None,Urban Road,Normal Flow,20,Wednesday,October,2016,0,0,0,0,1
2015-04-23 17:44:08,Raleigh,9.963216675026830,-85.96113671118110,Clouds,No Crash,None,Urban Road,Normal Flow,17,Thursday,April,2015,0,0,0,0,1
2015-10-17 09:04:34,Raleigh,20.18278399595780,-6.799831503640730,Clouds,No Crash,None,Urban Road,Normal Flow,9,Saturday,October,2015,0,0,0,0,1
2017-06-08 08:08:32,Raleigh,71.32076990129840,-56.059393528367800,Clouds,No Crash,None,Urban Road,Normal Flow,8,Thursday,June,2017,0,0,0,0,1
2015-07-07 10:41:08,Raleigh,49.19099613720340,-20.829450719429700,Clouds,No Crash,None,Urban Road,Normal Flow,10,Tuesday,July,2015,0,0,0,0,1
2017-06-01 18:10:55,Raleigh,61.65543685220270,-36.893061004978500,Clear,No Crash,None,Urban Road,Normal Flow,18,Thursday,June,2017,0,0,0,0,1
2016-11-21 00:04:46,Raleigh,58.98822497999430,-56.553356624146500,Clouds,No Crash,None,Urban Road,Normal Flow,0,Monday,November,2016,0,0,0,0,1
2015-01-11 20:56:22,Raleigh,48.59808978746280,-11.30148663697880,Clouds,No Crash,None,Urban Road,Normal Flow,20,Sunday,January,2015,0,0,0,0,1
2016-09-16 02:39:13,Raleigh,16.65876578605340,-43.34847134598590,Clouds,No Crash,None,Urban Road,Normal Flow,2,Friday,September,2016,0,0,0,0,1
2017-08-03 02:40:15,Raleigh,11.946750799179100,-44.40692799180580,Clouds,No Crash,None,Urban Road,Normal Flow,2,Thursday,August,2017,0,0,0,0,1
2017-09-05 09:05:42,Raleigh,59.39710429726,-1.6721471641213600,Clouds,No Crash,None,Urban Road,Normal Flow,9,Tuesday,September,2017,0,0,0,0,1
2016-04-01 05:43:26,Raleigh,10.398660003531300,-52.6059866638392,Rain,No Crash,None,Urban Road,Normal Flow,5,Friday,April,2016,0,0,0,0,1
2017-03-05 12:36:31,Raleigh,56.83015140816940,-10.727479342067100,Rain,No Crash,None,Urban Road,Normal Flow,12,Sunday,March,2017,0,0,0,0,1
2017-02-08 11:38:41,Raleigh,65.22732264997200,-27.889893191887400,Clouds,No Crash,None,Urban Road,Normal Flow,11,Wednesday,February,2017,0,0,0,0,1
2016-04-15 07:28:00,Raleigh,30.03317209166790,-6.953237012396190,Clouds,No Crash,None,Urban Road,Normal Flow,7,Friday,April,2016,0,0,0,0,1
2015-01-16 22:38:11,Raleigh,54.35153045632130,-66.11498597149900,Clouds,No Crash,None,Urban Road,Normal Flow,22,Friday,January,2015,0,0,0,0,1
2016-05-03 07:37:56,Raleigh,15.505170443568200,-69.05081512221650,Clouds,No Crash,None,Urban Road,Normal Flow,7,Tuesday,May,2016,0,0,0,0,1
2017-01-10 15:33:06,Raleigh,52.907775032089400,-48.61047189667790,Clouds,No Crash,None,Urban Road,Normal Flow,15,Tuesday,January,2017,0,0,0,0,1
2016-08-01 16:43:40,Raleigh,68.24712517116310,-32.407322689414300,Clouds,No Crash,None,Urban Road,Normal Flow,16,Monday,August,2016,0,0,0,0,1
2015-03-12 10:16:32,Raleigh,33.39790995455260,-11.878762497554700,Clouds,No Crash,None,Urban Road,Normal Flow,10,Thursday,March,2015,0,0,0,0,1
2016-10-11 06:37:33,Raleigh,63.8232213565973,-52.480652982878500,Clouds,No Crash,None,Urban Road,Normal Flow,6,Tuesday,October,2016,0,0,0,0,1
2015-12-28 10:33:24,Raleigh,18.253237821291800,-7.1069682617621800,Clear,No Crash,None,Urban Road,Normal Flow,10,Monday,December,2015,0,0,0,0,1
2016-03-28 02:30:11,Raleigh,60.832588982268000,-26.1484587219324,Rain,No Crash,None,Urban Road,Normal Flow,2,Monday,March,2016,0,0,0,0,1
2016-01-19 09:42:11,Raleigh,7.071612530004370,-78.6902562787398,Rain,No Crash,None,Urban Road,Normal Flow,9,Tuesday,January,2016,0,0,0,0,1
2015-01-06 11:50:19,Raleigh,53.872549433288400,-86.10103908049680,Clouds,No Crash,None,Urban Road,Normal Flow,11,Tuesday,January,2015,0,0,0,0,1
2016-03-09 16:52:09,Raleigh,59.18073416955690,-39.7703260247919,Clouds,No Crash,None,Urban Road,Normal Flow,16,Wednesday,March,2016,0,0,0,0,1
2017-06-08 10:56:48,Raleigh,61.045420655550000,-43.229896058912100,Clouds,No Crash,None,Urban Road,Normal Flow,10,Thursday,June,2017,0,0,0,0,1
2016-04-03 21:33:20,Raleigh,36.605340658506500,-48.16454771053590,Rain,No Crash,None,Urban Road,Normal Flow,21,Sunday,April,2016,0,0,0,0,1
2016-10-10 13:21:42,Raleigh,55.68335703823290,-3.6566497005660500,Clouds,No Crash,None,Urban Road,Normal Flow,13,Monday,October,2016,0,0,0,0,1
2016-08-10 23:10:55,Raleigh,35.954325349408100,-58.439368854976600,Rain,No Crash,None,Urban Road,Normal Flow,23,Wednesday,August,2016,0,0,0,0,1
2016-01-18 06:42:07,Raleigh,38.04253019233720,-29.03180284001660,Clouds,No Crash,None,Urban Road,Normal Flow,6,Monday,January,2016,0,0,0,0,1
2015-07-31 22:23:53,Raleigh,25.141379171907400,-48.03058572420640,Clouds,No Crash,None,Urban Road,Normal Flow,22,Friday,July,2015,0,0,0,0,1
2017-04-24 03:32:26,Raleigh,26.807532699379000,-17.544175883490200,Clear,No Crash,None,Urban Road,Normal Flow,3,Monday,April,2017,0,0,0,0,1
2015-11-03 23:13:13,Raleigh,30.24107064398430,-83.46454442251330,Clear,No Crash,None,Urban Road,Normal Flow,23,Tuesday,November,2015,0,0,0,0,1
2017-09-03 09:18:40,Raleigh,0.9954383820477400,-90.0367705807471,Clouds,No Crash,None,Urban Road,Normal Flow,9,Sunday,September,2017,0,0,0,0,1
2017-08-15 11:38:06,Raleigh,70.03381173069410,-62.68118030456250,Clouds,No Crash,None,Urban Road,Normal Flow,11,Tuesday,August,2017,0,0,0,0,1
2016-03-11 23:27:26,Raleigh,41.7989126015355,-21.757298337274500,Clouds,No Crash,None,Urban Road,Normal Flow,23,Friday,March,2016,0,0,0,0,1
2016-01-07 06:43:49,Raleigh,25.013224327802900,-90.80787006640240,Clouds,No Crash,None,Urban Road,Normal Flow,6,Thursday,January,2016,0,0,0,0,1
2015-10-12 06:48:03,Raleigh,49.78073627642140,-2.054229212740510,Clouds,No Crash,None,Urban Road,Normal Flow,6,Monday,October,2015,0,0,0,0,1
2016-11-14 22:04:42,Raleigh,8.659618863081780,-39.590733235601800,Clouds,No Crash,None,Urban Road,Normal Flow,22,Monday,November,2016,0,0,0,0,1
2015-03-15 19:17:37,Raleigh,22.602908886592100,-39.43472254555650,Clear,No Crash,None,Urban Road,Normal Flow,19,Sunday,March,2015,0,0,0,0,1
2015-10-28 20:09:17,Raleigh,69.97576546951580,-78.4212622599019,Clouds,No Crash,None,Urban Road,Normal Flow,20,Wednesday,October,2015,0,0,0,0,1
2017-09-15 03:21:14,Raleigh,18.313741178985700,-33.16707994432140,Rain,No Crash,None,Urban Road,Normal Flow,3,Friday,September,2017,0,0,0,0,1
2015-04-25 19:17:47,Raleigh,66.30159610576030,-57.69001886739630,Clouds,No Crash,None,Urban Road,Normal Flow,19,Saturday,April,2015,0,0,0,0,1
2015-09-11 05:11:57,Raleigh,9.150522761201660,-75.5667622941817,Clouds,No Crash,None,Urban Road,Normal Flow,5,Friday,September,2015,0,0,0,0,1
2015-01-30 12:35:50,Raleigh,75.18321200904390,-36.76405248805870,Clouds,No Crash,None,Urban Road,Normal Flow,12,Friday,January,2015,0,0,0,0,1
2016-03-24 01:51:49,Raleigh,34.86067783304900,-2.567963307964350,Clear,No Crash,None,Urban Road,Normal Flow,1,Thursday,March,2016,0,0,0,0,1
2015-11-12 22:20:20,Raleigh,31.015004604844400,-46.14528639175710,Rain,No Crash,None,Urban Road,Normal Flow,22,Thursday,November,2015,0,0,0,0,1
2015-04-25 15:01:40,Raleigh,15.561250037668600,-62.940395587053300,Clear,No Crash,None,Urban Road,Normal Flow,15,Saturday,April,2015,0,0,0,0,1
2016-09-26 00:17:19,Raleigh,39.989510293772400,-3.78747170792154,Clouds,No Crash,None,Urban Road,Normal Flow,0,Monday,September,2016,0,0,0,0,1
2015-06-07 21:05:59,Raleigh,6.942339762715970,-10.301869099879400,Rain,No Crash,None,Urban Road,Normal Flow,21,Sunday,June,2015,0,0,0,0,1
2016-10-08 15:49:56,Raleigh,48.44014111824080,-21.26938294585010,Rain,No Crash,None,Urban Road,Normal Flow,15,Saturday,October,2016,0,0,0,0,1
2017-10-02 05:20:47,Raleigh,36.317001697212700,-54.0463364643142,Clouds,No Crash,None,Urban Road,Normal Flow,5,Monday,October,2017,0,0,0,0,1
2015-10-06 04:23:05,Raleigh,56.608597123540800,-65.91083212236040,Clouds,No Crash,None,Urban Road,Normal Flow,4,Tuesday,October,2015,0,0,0,0,1
2015-09-28 14:55:53,Raleigh,75.5149511005021,-89.1855238075241,Snow,No Crash,None,Urban Road,Normal Flow,14,Monday,September,2015,0,0,0,0,1
2016-04-24 03:04:28,Raleigh,53.02847032486110,-6.065954679750690,Clouds,No Crash,None,Urban Road,Normal Flow,3,Sunday,April,2016,0,0,0,0,1
2015-11-03 03:21:54,Raleigh,8.40380567306832,-63.77503972322060,Clouds,No Crash,None,Urban Road,Normal Flow,3,Tuesday,November,2015,0,0,0,0,1
2016-11-20 04:14:38,Raleigh,52.949645992962100,-69.5870757278261,Clouds,No Crash,None,Urban Road,Normal Flow,4,Sunday,November,2016,0,0,0,0,1
2017-06-08 02:20:52,Raleigh,67.22854561014120,-87.58403863187390,Clouds,No Crash,None,Urban Road,Normal Flow,2,Thursday,June,2017,0,0,0,0,1
2016-10-05 23:42:58,Raleigh,22.12706835125390,-1.1301866812705600,Clouds,No Crash,None,Urban Road,Normal Flow,23,Wednesday,October,2016,0,0,0,0,1
2016-07-24 00:59:07,Raleigh,17.301230060785600,-6.471319124857810,Clouds,No Crash,None,Urban Road,Normal Flow,0,Sunday,July,2016,0,0,0,0,1
2017-04-01 08:58:50,Raleigh,33.706751864253100,-13.10625236135380,Clouds,No Crash,None,Urban Road,Normal Flow,8,Saturday,April,2017,0,0,0,0,1
2015-01-30 09:42:20,Raleigh,10.33680829284790,-17.973730733365900,Clouds,No Crash,None,Urban Road,Normal Flow,9,Friday,January,2015,0,0,0,0,1
2015-10-31 02:48:14,Raleigh,37.90148049760080,-65.32389386105220,Rain,No Crash,None,Urban Road,Normal Flow,2,Saturday,October,2015,0,0,0,0,1
2017-09-03 15:25:49,Raleigh,51.41404188809990,-5.7844164525927800,Rain,No Crash,None,Urban Road,Normal Flow,15,Sunday,September,2017,0,0,0,0,1
2016-04-27 23:26:52,Raleigh,2.8458690861864600,-17.022148105671600,Rain,No Crash,None,Urban Road,Normal Flow,23,Wednesday,April,2016,0,0,0,0,1
2015-03-29 01:57:56,Raleigh,43.49408516579950,-14.726560826477200,Clouds,No Crash,None,Urban Road,Normal Flow,1,Sunday,March,2015,0,0,0,0,1
2015-10-14 06:00:33,Raleigh,40.980301082260900,-89.06530974099780,Clouds,No Crash,None,Urban Road,Normal Flow,6,Wednesday,October,2015,0,0,0,0,1
2015-05-26 06:55:24,Raleigh,71.03271940798300,-47.53334618239930,Clouds,No Crash,None,Urban Road,Normal Flow,6,Tuesday,May,2015,0,0,0,0,1
2015-09-11 22:21:34,Raleigh,63.434299020993100,-5.624081229117000,Clouds,No Crash,None,Urban Road,Normal Flow,22,Friday,September,2015,0,0,0,0,1
2016-01-10 14:58:21,Raleigh,38.184066325780200,-66.93299113888200,Clouds,No Crash,None,Urban Road,Normal Flow,14,Sunday,January,2016,0,0,0,0,1
2015-12-11 19:38:42,Raleigh,51.9425304393143,-47.021052262792900,Clouds,No Crash,None,Urban Road,Normal Flow,19,Friday,December,2015,0,0,0,0,1
2015-04-02 01:01:18,Raleigh,47.76804614666190,-74.18562645074600,Clouds,No Crash,None,Urban Road,Normal Flow,1,Thursday,April,2015,0,0,0,0,1
2015-07-20 09:05:28,Raleigh,40.96842337389260,-0.2933062676164720,Clouds,No Crash,None,Urban Road,Normal Flow,9,Monday,July,2015,0,0,0,0,1
2015-03-28 09:29:41,Raleigh,17.310033257995400,-56.282465431706500,Rain,No Crash,None,Urban Road,Normal Flow,9,Saturday,March,2015,0,0,0,0,1
2016-02-24 20:06:19,Raleigh,31.403128074037600,-46.277580026969600,Rain,No Crash,None,Urban Road,Normal Flow,20,Wednesday,February,2016,0,0,0,0,1
2016-03-19 15:58:27,Raleigh,18.164688774500200,-59.182984331733700,Clouds,No Crash,None,Urban Road,Normal Flow,15,Saturday,March,2016,0,0,0,0,1
2015-10-26 21:31:58,Raleigh,53.0059844087714,-67.9326238359892,Clouds,No Crash,None,Urban Road,Normal Flow,21,Monday,October,2015,0,0,0,0,1
2015-09-06 17:02:07,Raleigh,65.50640753289510,-47.6398459430689,Snow,No Crash,None,Urban Road,Normal Flow,17,Sunday,September,2015,0,0,0,0,1
2017-05-19 03:01:58,Raleigh,26.215068583525200,-89.42227953635890,Rain,No Crash,None,Urban Road,Normal Flow,3,Friday,May,2017,0,0,0,0,1
2015-10-23 19:59:24,Raleigh,55.570345725994400,-19.856971253405600,Rain,No Crash,None,Urban Road,Normal Flow,19,Friday,October,2015,0,0,0,0,1
2016-08-08 08:46:27,Raleigh,77.87986538650120,-19.664084409067500,Clouds,No Crash,None,Urban Road,Normal Flow,8,Monday,August,2016,0,0,0,0,1
2017-09-13 06:23:57,Raleigh,38.55376969249070,-38.02744328439830,Clouds,No Crash,None,Urban Road,Normal Flow,6,Wednesday,September,2017,0,0,0,0,1
2016-03-31 02:34:15,Raleigh,72.42778038350690,-49.528967601109300,Clouds,No Crash,None,Urban Road,Normal Flow,2,Thursday,March,2016,0,0,0,0,1
2017-06-11 07:13:01,Raleigh,0.46694090304588100,-1.8393007609876500,Clouds,No Crash,None,Urban Road,Normal Flow,7,Sunday,June,2017,0,0,0,0,1
2015-10-06 20:34:56,Raleigh,47.94219078549640,-54.70534046166640,Clouds,No Crash,None,Urban Road,Normal Flow,20,Tuesday,October,2015,0,0,0,0,1
2017-05-02 21:29:19,Raleigh,44.64015470359650,-67.69670134271220,Clear,No Crash,None,Urban Road,Normal Flow,21,Tuesday,May,2017,0,0,0,0,1
2016-04-18 22:38:36,Raleigh,8.925089382478140,-4.909166227963110,Clouds,No Crash,None,Urban Road,Normal Flow,22,Monday,April,2016,0,0,0,0,1
2017-04-27 22:59:13,Raleigh,20.306240672592900,-16.53171994847570,Clouds,No Crash,None,Urban Road,Normal Flow,22,Thursday,April,2017,0,0,0,0,1
2017-03-18 05:06:23,Raleigh,0.5659683963614540,-30.386162769636600,Clouds,No Crash,None,Urban Road,Normal Flow,5,Saturday,March,2017,0,0,0,0,1
2017-05-02 21:34:49,Raleigh,51.587325848961700,-5.711916487164870,Rain,No Crash,None,Urban Road,Normal Flow,21,Tuesday,May,2017,0,0,0,0,1
2017-03-21 20:31:30,Raleigh,15.236715450493800,-84.21372510128640,Clouds,No Crash,None,Urban Road,Normal Flow,20,Tuesday,March,2017,0,0,0,0,1
2017-01-03 07:10:48,Raleigh,52.10917652218060,-59.42399262434340,Clouds,No Crash,None,Urban Road,Normal Flow,7,Tuesday,January,2017,0,0,0,0,1
2017-09-30 01:14:10,Raleigh,16.238091221275100,-77.4898953757044,Clouds,No Crash,None,Urban Road,Normal Flow,1,Saturday,September,2017,0,0,0,0,1
2016-03-25 16:17:04,Raleigh,9.78411194589828,-16.550099333450900,Clouds,No Crash,None,Urban Road,Normal Flow,16,Friday,March,2016,0,0,0,0,1
2015-10-12 07:59:28,Raleigh,78.18602177919800,-46.40757593337390,Clouds,No Crash,None,Urban Road,Normal Flow,7,Monday,October,2015,0,0,0,0,1
2016-04-24 18:51:47,Raleigh,60.83688929973820,-49.54167533524690,Clouds,No Crash,None,Urban Road,Normal Flow,18,Sunday,April,2016,0,0,0,0,1
2017-07-30 02:51:11,Raleigh,52.592782107930700,-15.88645801182460,Rain,No Crash,None,Urban Road,Normal Flow,2,Sunday,July,2017,0,0,0,0,1
2017-03-22 11:28:16,Raleigh,9.328583420449030,-64.9029550319125,Clouds,No Crash,None,Urban Road,Normal Flow,11,Wednesday,March,2017,0,0,0,0,1
2015-03-22 08:59:36,Raleigh,58.09585522665300,-55.89290498225440,Clouds,No Crash,None,Urban Road,Normal Flow,8,Sunday,March,2015,0,0,0,0,1
2015-12-25 03:11:52,Raleigh,46.19420154537320,-73.83705965163480,Clouds,No Crash,None,Urban Road,Normal Flow,3,Friday,December,2015,0,0,0,0,1
2016-01-16 11:16:04,Raleigh,26.597026587473800,-90.92296007222190,Clouds,No Crash,None,Urban Road,Normal Flow,11,Saturday,January,2016,0,0,0,0,1
2016-11-05 02:03:30,Raleigh,54.086852025102300,-35.399422711605200,Clouds,No Crash,None,Urban Road,Normal Flow,2,Saturday,November,2016,0,0,0,0,1
2016-07-26 18:57:50,Raleigh,32.90467471055390,-65.16753639030510,Clouds,No Crash,None,Urban Road,Normal Flow,18,Tuesday,July,2016,0,0,0,0,1
2016-10-27 11:03:06,Raleigh,20.657838598452000,-72.24159247744250,Clear,No Crash,None,Urban Road,Normal Flow,11,Thursday,October,2016,0,0,0,0,1
2016-08-08 02:50:05,Raleigh,25.896881756513,-60.75419919130230,Clear,No Crash,None,Urban Road,Normal Flow,2,Monday,August,2016,0,0,0,0,1
2016-06-02 02:28:48,Raleigh,58.801571311310800,-60.81556772002810,Clouds,No Crash,None,Urban Road,Normal Flow,2,Thursday,June,2016,0,0,0,0,1
2016-04-29 10:38:30,Raleigh,1.0267888493902400,-38.07697055114270,Clouds,No Crash,None,Urban Road,Normal Flow,10,Friday,April,2016,0,0,0,0,1
2015-01-04 04:42:45,Raleigh,72.36702494126190,-64.41624015127650,Clouds,No Crash,None,Urban Road,Normal Flow,4,Sunday,January,2015,0,0,0,0,1
2016-10-15 10:53:22,Raleigh,78.02142870304270,-85.12065038473470,Clouds,No Crash,None,Urban Road,Normal Flow,10,Saturday,October,2016,0,0,0,0,1
2016-09-03 07:01:56,Raleigh,7.630531840976640,-34.737108251595,Clouds,No Crash,None,Urban Road,Normal Flow,7,Saturday,September,2016,0,0,0,0,1
2015-03-25 07:08:22,Raleigh,52.63296173702410,-83.78999320800580,Clouds,No Crash,None,Urban Road,Normal Flow,7,Wednesday,March,2015,0,0,0,0,1
2017-09-14 19:15:24,Raleigh,10.576411431514000,-47.28133060677590,Rain,No Crash,None,Urban Road,Normal Flow,19,Thursday,September,2017,0,0,0,0,1
2015-11-23 19:36:14,Raleigh,43.144265395151000,-0.18739446594001700,Clear,No Crash,None,Urban Road,Normal Flow,19,Monday,November,2015,0,0,0,0,1
2015-12-01 06:12:53,Raleigh,42.50726893497830,-31.101973838492600,Clouds,No Crash,None,Urban Road,Normal Flow,6,Tuesday,December,2015,0,0,0,0,1
2017-06-12 20:17:34,Raleigh,67.84419500185790,-40.375936913513000,Clouds,No Crash,None,Urban Road,Normal Flow,20,Monday,June,2017,0,0,0,0,1
2015-03-03 00:17:02,Raleigh,60.77873490267860,-1.275098915666560,Clouds,No Crash,None,Urban Road,Normal Flow,0,Tuesday,March,2015,0,0,0,0,1
2016-01-15 09:30:57,Raleigh,31.85419778391750,-2.9254666036850500,Clouds,No Crash,None,Urban Road,Normal Flow,9,Friday,January,2016,0,0,0,0,1
2015-06-14 11:34:26,Raleigh,76.60069788291620,-59.45448921927960,Clouds,No Crash,None,Urban Road,Normal Flow,11,Sunday,June,2015,0,0,0,0,1
2015-08-10 10:55:58,Raleigh,75.53370458955720,-50.8651231691768,Clouds,No Crash,None,Urban Road,Normal Flow,10,Monday,August,2015,0,0,0,0,1
2015-06-13 08:54:29,Raleigh,29.94399265850920,-17.815972524796000,Clouds,No Crash,None,Urban Road,Normal Flow,8,Saturday,June,2015,0,0,0,0,1
2016-05-09 07:16:52,Raleigh,62.02536119792750,-39.90241155237510,Clouds,No Crash,None,Urban Road,Normal Flow,7,Monday,May,2016,0,0,0,0,1
2016-01-24 01:24:41,Raleigh,24.27986229491290,-33.71730762229000,Clouds,No Crash,None,Urban Road,Normal Flow,1,Sunday,January,2016,0,0,0,0,1
2017-02-23 03:12:19,Raleigh,43.0029574565244,-25.98650717693230,Clouds,No Crash,None,Urban Road,Normal Flow,3,Thursday,February,2017,0,0,0,0,1
2015-12-16 20:51:16,Raleigh,74.52540648277260,-73.22704396355100,Clouds,No Crash,None,Urban Road,Normal Flow,20,Wednesday,December,2015,0,0,0,0,1
2016-03-20 02:44:21,Raleigh,72.25536761735930,-57.53294086479790,Clouds,No Crash,None,Urban Road,Normal Flow,2,Sunday,March,2016,0,0,0,0,1
2017-04-22 08:51:43,Raleigh,57.52606326168670,-31.799344921537200,Clouds,No Crash,None,Urban Road,Normal Flow,8,Saturday,April,2017,0,0,0,0,1
2016-06-29 23:34:49,Raleigh,56.69525627200480,-73.99489544678970,Rain,No Crash,None,Urban Road,Normal Flow,23,Wednesday,June,2016,0,0,0,0,1
2017-08-07 19:55:23,Raleigh,6.71257561070736,-65.13091068987480,Clouds,No Crash,None,Urban Road,Normal Flow,19,Monday,August,2017,0,0,0,0,1
2015-12-30 11:29:36,Raleigh,8.816723353902820,-74.53910490148430,Clouds,No Crash,None,Urban Road,Normal Flow,11,Wednesday,December,2015,0,0,0,0,1
2017-07-20 09:43:57,Raleigh,67.93754067465210,-65.29473472781050,Clouds,No Crash,None,Urban Road,Normal Flow,9,Thursday,July,2017,0,0,0,0,1
2016-07-22 12:33:28,Raleigh,23.25975543511880,-37.52904450508090,Clouds,No Crash,None,Urban Road,Normal Flow,12,Friday,July,2016,0,0,0,0,1
2016-09-06 18:57:11,Raleigh,16.332053556980400,-70.66520333332420,Clouds,No Crash,None,Urban Road,Normal Flow,18,Tuesday,September,2016,0,0,0,0,1
2016-07-07 20:04:21,Raleigh,6.060103977953840,-18.404169519474100,Rain,No Crash,None,Urban Road,Normal Flow,20,Thursday,July,2016,0,0,0,0,1
2016-12-04 21:48:33,Raleigh,61.75642212797690,-86.05067496005630,Clouds,No Crash,None,Urban Road,Normal Flow,21,Sunday,December,2016,0,0,0,0,1
2016-06-15 02:43:37,Raleigh,5.317219926560150,-65.600943064083,Clouds,No Crash,None,Urban Road,Normal Flow,2,Wednesday,June,2016,0,0,0,0,1
2016-09-11 08:07:32,Raleigh,66.50684137407900,-22.380910353674000,Clouds,No Crash,None,Urban Road,Normal Flow,8,Sunday,September,2016,0,0,0,0,1
2016-02-18 20:40:47,Raleigh,77.8442110707944,-57.25183601062020,Clouds,No Crash,None,Urban Road,Normal Flow,20,Thursday,February,2016,0,0,0,0,1
2017-08-19 08:10:23,Raleigh,46.34208942155210,-79.18566437844610,Clouds,No Crash,None,Urban Road,Normal Flow,8,Saturday,August,2017,0,0,0,0,1
2016-10-24 16:13:00,Raleigh,12.81884018605860,-58.813642395431400,Rain,No Crash,None,Urban Road,Normal Flow,16,Monday,October,2016,0,0,0,0,1
2017-06-20 00:03:15,Raleigh,45.63556039850040,-15.705109115908400,Clouds,No Crash,None,Urban Road,Normal Flow,0,Tuesday,June,2017,0,0,0,0,1
2015-04-21 07:15:53,Raleigh,3.6842708296372400,-74.80762380194320,Clouds,No Crash,None,Urban Road,Normal Flow,7,Tuesday,April,2015,0,0,0,0,1
2015-10-31 13:38:20,Raleigh,55.062138343420200,-4.118766908461550,Clouds,No Crash,None,Urban Road,Normal Flow,13,Saturday,October,2015,0,0,0,0,1
2017-04-16 06:50:41,Raleigh,23.967860014082800,-42.86824457917100,Clear,No Crash,None,Urban Road,Normal Flow,6,Sunday,April,2017,0,0,0,0,1
2017-07-30 03:16:36,Raleigh,58.29311810621740,-65.41567569221740,Clouds,No Crash,None,Urban Road,Normal Flow,3,Sunday,July,2017,0,0,0,0,1
2015-12-02 13:23:36,Raleigh,60.56983132323,-13.6980697590962,Clouds,No Crash,None,Urban Road,Normal Flow,13,Wednesday,December,2015,0,0,0,0,1
2016-06-21 11:18:29,Raleigh,37.90175961431400,-4.628169010821240,Clouds,No Crash,None,Urban Road,Normal Flow,11,Tuesday,June,2016,0,0,0,0,1
2017-09-28 02:34:40,Raleigh,27.578930909935700,-1.6633702268494400,Clouds,No Crash,None,Urban Road,Normal Flow,2,Thursday,September,2017,0,0,0,0,1
2016-04-09 10:39:35,Raleigh,76.07507079426970,-87.19997953032780,Clouds,No Crash,None,Urban Road,Normal Flow,10,Saturday,April,2016,0,0,0,0,1
2015-05-29 16:01:20,Raleigh,57.937168624023400,-72.90838657875180,Rain,No Crash,None,Urban Road,Normal Flow,16,Friday,May,2015,0,0,0,0,1
2015-07-23 02:39:53,Raleigh,24.654923623939400,-14.924834305751000,Clouds,No Crash,None,Urban Road,Normal Flow,2,Thursday,July,2015,0,0,0,0,1
2017-08-04 08:35:46,Raleigh,11.602193538314000,-60.377536771676000,Rain,No Crash,None,Urban Road,Normal Flow,8,Friday,August,2017,0,0,0,0,1
2016-04-03 00:59:23,Raleigh,47.6606498221593,-35.755833370702000,Clouds,No Crash,None,Urban Road,Normal Flow,0,Sunday,April,2016,0,0,0,0,1
2015-07-20 17:34:20,Raleigh,78.40786268390280,-33.23447358749650,Clouds,No Crash,None,Urban Road,Normal Flow,17,Monday,July,2015,0,0,0,0,1
2015-06-06 09:51:11,Raleigh,11.178783620243200,-16.503691336214200,Clouds,No Crash,None,Urban Road,Normal Flow,9,Saturday,June,2015,0,0,0,0,1
2015-04-20 12:39:14,Raleigh,61.596009558725700,-28.1819745442018,Clouds,No Crash,None,Urban Road,Normal Flow,12,Monday,April,2015,0,0,0,0,1
2015-05-22 03:14:30,Raleigh,56.694961980202500,-77.69748933943350,Clouds,No Crash,None,Urban Road,Normal Flow,3,Friday,May,2015,0,0,0,0,1
2017-05-28 16:17:04,Raleigh,62.79125416665470,-50.41592636487430,Clear,No Crash,None,Urban Road,Normal Flow,16,Sunday,May,2017,0,0,0,0,1
2016-02-20 10:50:33,Raleigh,29.057932731665800,-83.75808673376090,Clear,No Crash,None,Urban Road,Normal Flow,10,Saturday,February,2016,0,0,0,0,1
2016-08-20 02:29:21,Raleigh,48.33502777177820,-56.95813591063130,Clouds,No Crash,None,Urban Road,Normal Flow,2,Saturday,August,2016,0,0,0,0,1
2016-03-20 15:35:32,Raleigh,31.216356347826600,-49.092806777077600,Clouds,No Crash,None,Urban Road,Normal Flow,15,Sunday,March,2016,0,0,0,0,1
2015-07-18 13:18:19,Raleigh,70.75185616274140,-6.414464013409490,Clouds,No Crash,None,Urban Road,Normal Flow,13,Saturday,July,2015,0,0,0,0,1
2016-01-17 17:13:43,Raleigh,53.418215823992700,-89.55171699692290,Clouds,No Crash,None,Urban Road,Normal Flow,17,Sunday,January,2016,0,0,0,0,1
2017-05-28 20:09:14,Raleigh,20.25851495553660,-63.46482987516030,Clouds,No Crash,None,Urban Road,Normal Flow,20,Sunday,May,2017,0,0,0,0,1
2017-08-07 08:04:05,Raleigh,3.31338052004016,-7.791474727188270,Clouds,No Crash,None,Urban Road,Normal Flow,8,Monday,August,2017,0,0,0,0,1
2015-05-19 15:11:39,Raleigh,5.353634048759310,-78.11822752237170,Rain,No Crash,None,Urban Road,Normal Flow,15,Tuesday,May,2015,0,0,0,0,1
2015-02-15 00:58:57,Raleigh,50.67809830567180,-60.97320140353250,Clouds,No Crash,None,Urban Road,Normal Flow,0,Sunday,February,2015,0,0,0,0,1
2016-02-02 07:00:59,Raleigh,65.40262375393610,-25.930692377064000,Clouds,No Crash,None,Urban Road,Normal Flow,7,Tuesday,February,2016,0,0,0,0,1
2015-10-08 14:38:23,Raleigh,19.61736689025440,-9.52583560042821,Clouds,No Crash,None,Urban Road,Normal Flow,14,Thursday,October,2015,0,0,0,0,1
2015-07-24 11:17:48,Raleigh,48.930966879893900,-63.97388410001070,Clouds,No Crash,None,Urban Road,Normal Flow,11,Friday,July,2015,0,0,0,0,1
2017-08-18 05:19:08,Raleigh,63.33556681468820,-78.92425629772250,Snow,No Crash,None,Urban Road,Normal Flow,5,Friday,August,2017,0,0,0,0,1
2016-02-03 16:58:46,Raleigh,9.033936509074960,-90.44405132931320,Rain,No Crash,None,Urban Road,Normal Flow,16,Wednesday,February,2016,0,0,0,0,1
2016-01-13 22:06:26,Raleigh,76.55860168648340,-30.59855866293560,Clouds,No Crash,None,Urban Road,Normal Flow,22,Wednesday,January,2016,0,0,0,0,1
2017-03-29 20:04:35,Raleigh,14.005191930279500,-85.60115339382760,Rain,No Crash,None,Urban Road,Normal Flow,20,Wednesday,March,2017,0,0,0,0,1
2016-09-21 21:15:24,Raleigh,68.54138974289630,-78.18430598279990,Clouds,No Crash,None,Urban Road,Normal Flow,21,Wednesday,September,2016,0,0,0,0,1
2016-06-13 02:54:19,Raleigh,31.7909973935719,-34.58997436597830,Clear,No Crash,None,Urban Road,Normal Flow,2,Monday,June,2016,0,0,0,0,1
2017-07-18 22:25:04,Raleigh,24.141008879989800,-63.565251563370400,Clear,No Crash,None,Urban Road,Normal Flow,22,Tuesday,July,2017,0,0,0,0,1
2016-09-24 13:18:35,Raleigh,15.502162346237600,-33.89759342517640,Clouds,No Crash,None,Urban Road,Normal Flow,13,Saturday,September,2016,0,0,0,0,1
2015-04-11 07:50:33,Raleigh,69.59583576017340,-20.455451227972500,Clouds,No Crash,None,Urban Road,Normal Flow,7,Saturday,April,2015,0,0,0,0,1
2015-09-05 21:55:49,Raleigh,13.24067512055980,-10.09781775411140,Clouds,No Crash,None,Urban Road,Normal Flow,21,Saturday,September,2015,0,0,0,0,1
2017-06-06 21:34:11,Raleigh,14.162640433140200,-58.068283355755700,Rain,No Crash,None,Urban Road,Normal Flow,21,Tuesday,June,2017,0,0,0,0,1
2015-04-18 02:21:38,Raleigh,33.004828559831800,-11.567126561066000,Clouds,No Crash,None,Urban Road,Normal Flow,2,Saturday,April,2015,0,0,0,0,1
2016-11-30 10:54:27,Raleigh,16.22955640734130,-82.68465790378210,Clouds,No Crash,None,Urban Road,Normal Flow,10,Wednesday,November,2016,0,0,0,0,1
2017-01-09 16:44:13,Raleigh,37.38076151869590,-81.49912507058970,Clouds,No Crash,None,Urban Road,Normal Flow,16,Monday,January,2017,0,0,0,0,1
2017-02-20 09:17:03,Raleigh,18.71224781832130,-74.19626568470760,Clouds,No Crash,None,Urban Road,Normal Flow,9,Monday,February,2017,0,0,0,0,1
2015-12-13 04:55:46,Raleigh,50.45423529329760,-68.14812995677790,Clouds,No Crash,None,Urban Road,Normal Flow,4,Sunday,December,2015,0,0,0,0,1
2015-05-20 14:14:41,Raleigh,63.83676913120620,-38.001036265523000,Clouds,No Crash,None,Urban Road,Normal Flow,14,Wednesday,May,2015,0,0,0,0,1
2016-07-19 15:43:18,Raleigh,8.268149828516310,-29.10827158995370,Rain,No Crash,None,Urban Road,Normal Flow,15,Tuesday,July,2016,0,0,0,0,1
2015-09-27 14:26:13,Raleigh,70.89984178310390,-39.83841857067910,Snow,No Crash,None,Urban Road,Normal Flow,14,Sunday,September,2015,0,0,0,0,1
2016-08-28 12:20:41,Raleigh,30.175391175749400,-38.60457304357510,Clear,No Crash,None,Urban Road,Normal Flow,12,Sunday,August,2016,0,0,0,0,1
2016-11-19 09:52:16,Raleigh,41.665451761038100,-47.44575329403860,Clouds,No Crash,None,Urban Road,Normal Flow,9,Saturday,November,2016,0,0,0,0,1
2015-10-07 21:07:06,Raleigh,25.533795584349000,-30.267727491777100,Clouds,No Crash,None,Urban Road,Normal Flow,21,Wednesday,October,2015,0,0,0,0,1
2015-03-13 11:40:37,Raleigh,73.59144663236220,-35.571141630516900,Clouds,No Crash,None,Urban Road,Normal Flow,11,Friday,March,2015,0,0,0,0,1
2015-10-28 04:18:38,Raleigh,12.078247188580900,-68.04871609265520,Clouds,No Crash,None,Urban Road,Normal Flow,4,Wednesday,October,2015,0,0,0,0,1
2016-08-08 10:12:10,Raleigh,77.24240434142650,-69.41778414071550,Clouds,No Crash,None,Urban Road,Normal Flow,10,Monday,August,2016,0,0,0,0,1
2015-12-19 13:38:54,Raleigh,57.53278153404010,-81.19876011959320,Rain,No Crash,None,Urban Road,Normal Flow,13,Saturday,December,2015,0,0,0,0,1
2015-08-17 04:14:19,Raleigh,49.97850276826640,-20.56597611931400,Rain,No Crash,None,Urban Road,Normal Flow,4,Monday,August,2015,0,0,0,0,1
2017-08-15 15:13:55,Raleigh,6.943672843976310,-21.075733530956900,Rain,No Crash,None,Urban Road,Normal Flow,15,Tuesday,August,2017,0,0,0,0,1
2015-06-23 06:57:51,Raleigh,58.721162410748700,-56.1983162855925,Clouds,No Crash,None,Urban Road,Normal Flow,6,Tuesday,June,2015,0,0,0,0,1
2016-12-12 17:48:48,Raleigh,77.11429631303850,-34.53357661578530,Clouds,No Crash,None,Urban Road,Normal Flow,17,Monday,December,2016,0,0,0,0,1
2017-09-05 21:10:07,Raleigh,20.509908532982600,-24.001687829798500,Clear,No Crash,None,Urban Road,Normal Flow,21,Tuesday,September,2017,0,0,0,0,1
2015-03-30 03:38:17,Raleigh,38.12137765460750,-30.82455129590150,Clouds,No Crash,None,Urban Road,Normal Flow,3,Monday,March,2015,0,0,0,0,1
2017-07-14 06:55:07,Raleigh,18.908058294243700,-41.12244675063190,Clear,No Crash,None,Urban Road,Normal Flow,6,Friday,July,2017,0,0,0,0,1
2016-09-06 01:00:30,Raleigh,19.51014882920980,-85.11111752958150,Clouds,No Crash,None,Urban Road,Normal Flow,1,Tuesday,September,2016,0,0,0,0,1
2015-12-25 07:58:24,Raleigh,39.6383274326593,-2.3308065030222600,Clouds,No Crash,None,Urban Road,Normal Flow,7,Friday,December,2015,0,0,0,0,1
2017-08-23 04:24:07,Raleigh,15.798144734664500,-25.955608170764300,Clear,No Crash,None,Urban Road,Normal Flow,4,Wednesday,August,2017,0,0,0,0,1
2017-05-01 01:42:45,Raleigh,76.6724586920635,-87.42010533925910,Clouds,No Crash,None,Urban Road,Normal Flow,1,Monday,May,2017,0,0,0,0,1
2016-06-02 03:26:19,Raleigh,4.888224946941230,-45.015349200482300,Rain,No Crash,None,Urban Road,Normal Flow,3,Thursday,June,2016,0,0,0,0,1
2016-01-09 16:51:21,Raleigh,67.4565070047779,-79.97348516548970,Clouds,No Crash,None,Urban Road,Normal Flow,16,Saturday,January,2016,0,0,0,0,1
2015-10-17 15:03:11,Raleigh,51.104258214758400,-34.95057909815920,Clouds,No Crash,None,Urban Road,Normal Flow,15,Saturday,October,2015,0,0,0,0,1
2016-05-13 01:37:11,Raleigh,77.91833740743190,-48.71308678609280,Clouds,No Crash,None,Urban Road,Normal Flow,1,Friday,May,2016,0,0,0,0,1
2016-01-04 13:25:23,Raleigh,78.47425064350300,-18.781334225430200,Clouds,No Crash,None,Urban Road,Normal Flow,13,Monday,January,2016,0,0,0,0,1
2016-09-30 05:49:30,Raleigh,53.872844200236700,-29.648399682311600,Clouds,No Crash,None,Urban Road,Normal Flow,5,Friday,September,2016,0,0,0,0,1
2016-05-27 09:30:37,Raleigh,27.53409941390250,-89.45891007181230,Clouds,No Crash,None,Urban Road,Normal Flow,9,Friday,May,2016,0,0,0,0,1
2016-02-09 20:21:17,Raleigh,44.42896866903130,-82.27996289973740,Clouds,No Crash,None,Urban Road,Normal Flow,20,Tuesday,February,2016,0,0,0,0,1
2016-06-15 06:45:52,Raleigh,25.120513570358800,-58.044537576212700,Clear,No Crash,None,Urban Road,Normal Flow,6,Wednesday,June,2016,0,0,0,0,1
2016-10-16 12:51:50,Raleigh,22.24580492097660,-31.614388910895600,Clouds,No Crash,None,Urban Road,Normal Flow,12,Sunday,October,2016,0,0,0,0,1
2017-09-12 13:31:45,Raleigh,23.019041638640100,-23.900849922307700,Rain,No Crash,None,Urban Road,Normal Flow,13,Tuesday,September,2017,0,0,0,0,1
2016-12-27 20:33:56,Raleigh,13.868120280221000,-4.0143964208598700,Clouds,No Crash,None,Urban Road,Normal Flow,20,Tuesday,December,2016,0,0,0,0,1
2015-05-21 22:43:55,Raleigh,12.966490628129000,-10.131513884819600,Clouds,No Crash,None,Urban Road,Normal Flow,22,Thursday,May,2015,0,0,0,0,1
2017-02-23 17:43:28,Raleigh,62.31260892003810,-13.12719976702650,Clouds,No Crash,None,Urban Road,Normal Flow,17,Thursday,February,2017,0,0,0,0,1
2016-06-06 12:56:42,Raleigh,5.942922291151090,-29.969666462758600,Rain,No Crash,None,Urban Road,Normal Flow,12,Monday,June,2016,0,0,0,0,1
2016-06-15 15:35:41,Raleigh,74.29572492231190,-49.66053762068660,Clouds,No Crash,None,Urban Road,Normal Flow,15,Wednesday,June,2016,0,0,0,0,1
2016-09-15 13:27:25,Raleigh,45.38999198577400,-70.94705905084500,Clouds,No Crash,None,Urban Road,Normal Flow,13,Thursday,September,2016,0,0,0,0,1
2015-10-01 02:35:00,Raleigh,40.90113589590630,-51.57846263247710,Rain,No Crash,None,Urban Road,Normal Flow,2,Thursday,October,2015,0,0,0,0,1
2016-01-15 18:39:37,Raleigh,18.07474371095490,-46.166642607930100,Clouds,No Crash,None,Urban Road,Normal Flow,18,Friday,January,2016,0,0,0,0,1
2016-12-24 18:49:55,Raleigh,34.58829369949210,-0.4835569513745670,Clear,No Crash,None,Urban Road,Normal Flow,18,Saturday,December,2016,0,0,0,0,1
2016-01-29 22:39:17,Raleigh,42.94868088417780,-33.03273838608220,Clouds,No Crash,None,Urban Road,Normal Flow,22,Friday,January,2016,0,0,0,0,1
2015-02-13 10:24:22,Raleigh,28.86080132728170,-0.721835409504763,Clouds,No Crash,None,Urban Road,Normal Flow,10,Friday,February,2015,0,0,0,0,1
2017-08-17 16:01:20,Raleigh,70.00686740780130,-37.531631540302900,Clouds,No Crash,None,Urban Road,Normal Flow,16,Thursday,August,2017,0,0,0,0,1
2017-02-26 06:31:44,Raleigh,49.70685297740300,-53.7899176692772,Clouds,No Crash,None,Urban Road,Normal Flow,6,Sunday,February,2017,0,0,0,0,1
2016-04-07 02:46:22,Raleigh,77.3313305830381,-70.37018865643300,Clouds,No Crash,None,Urban Road,Normal Flow,2,Thursday,April,2016,0,0,0,0,1
2016-12-18 17:45:48,Raleigh,57.087757597757600,-1.1513460147730700,Clouds,No Crash,None,Urban Road,Normal Flow,17,Sunday,December,2016,0,0,0,0,1
2015-10-01 19:15:51,Raleigh,27.153427235064200,-39.35626514100740,Clear,No Crash,None,Urban Road,Normal Flow,19,Thursday,October,2015,0,0,0,0,1
2016-04-14 12:02:37,Raleigh,70.55530705895210,-82.08190999294350,Clouds,No Crash,None,Urban Road,Normal Flow,12,Thursday,April,2016,0,0,0,0,1
2017-01-30 05:34:13,Raleigh,57.895494845357200,-76.08687847700910,Clouds,No Crash,None,Urban Road,Normal Flow,5,Monday,January,2017,0,0,0,0,1
2015-03-31 13:55:50,Raleigh,71.3137333919698,-66.56674449442300,Clouds,No Crash,None,Urban Road,Normal Flow,13,Tuesday,March,2015,0,0,0,0,1
2017-07-17 03:49:10,Raleigh,2.5685368326818600,-88.80706418780110,Clouds,No Crash,None,Urban Road,Normal Flow,3,Monday,July,2017,0,0,0,0,1
2015-06-08 05:05:08,Raleigh,46.36074070255590,-64.0258191250669,Clouds,No Crash,None,Urban Road,Normal Flow,5,Monday,June,2015,0,0,0,0,1
2016-12-04 17:38:52,Raleigh,19.44942618311850,-19.605448181408800,Clear,No Crash,None,Urban Road,Normal Flow,17,Sunday,December,2016,0,0,0,0,1
2017-06-15 23:28:39,Raleigh,37.774287644006300,-71.70563736040860,Clouds,No Crash,None,Urban Road,Normal Flow,23,Thursday,June,2017,0,0,0,0,1
2016-04-17 21:39:33,Raleigh,29.749449321616900,-4.5655443485270700,Clouds,No Crash,None,Urban Road,Normal Flow,21,Sunday,April,2016,0,0,0,0,1
2017-02-04 14:46:15,Raleigh,59.8836394712803,-42.57728154821460,Clouds,No Crash,None,Urban Road,Normal Flow,14,Saturday,February,2017,0,0,0,0,1
2017-08-29 16:17:52,Raleigh,8.33556170471967,-75.32889601548890,Clouds,No Crash,None,Urban Road,Normal Flow,16,Tuesday,August,2017,0,0,0,0,1
2015-10-07 15:52:25,Raleigh,8.38311019541062,-81.10558234195280,Rain,No Crash,None,Urban Road,Normal Flow,15,Wednesday,October,2015,0,0,0,0,1
2015-06-02 16:10:06,Raleigh,9.611414788152930,-21.447305415522000,Clouds,No Crash,None,Urban Road,Normal Flow,16,Tuesday,June,2015,0,0,0,0,1
2016-01-14 07:43:05,Raleigh,55.29000760648040,-58.47208495257380,Clouds,No Crash,None,Urban Road,Normal Flow,7,Thursday,January,2016,0,0,0,0,1
2016-12-02 00:03:52,Raleigh,17.501563823593600,-33.023074264897600,Clouds,No Crash,None,Urban Road,Normal Flow,0,Friday,December,2016,0,0,0,0,1
2016-12-15 20:59:05,Raleigh,78.75880071502080,-76.62003697022260,Clouds,No Crash,None,Urban Road,Normal Flow,20,Thursday,December,2016,0,0,0,0,1
2016-10-17 20:19:41,Raleigh,51.386888967856700,-28.42622531335700,Clouds,No Crash,None,Urban Road,Normal Flow,20,Monday,October,2016,0,0,0,0,1
2016-06-21 18:15:25,Raleigh,8.15782266200246,-27.198373716996500,Rain,No Crash,None,Urban Road,Normal Flow,18,Tuesday,June,2016,0,0,0,0,1
2015-03-23 21:32:00,Raleigh,11.461191996287700,-82.0456696887866,Clouds,No Crash,None,Urban Road,Normal Flow,21,Monday,March,2015,0,0,0,0,1
2017-01-13 15:28:31,Raleigh,54.54991982404140,-47.67425552848260,Clouds,No Crash,None,Urban Road,Normal Flow,15,Friday,January,2017,0,0,0,0,1
2016-09-26 12:52:04,Raleigh,8.691977938611990,-68.58023530366840,Clouds,No Crash,None,Urban Road,Normal Flow,12,Monday,September,2016,0,0,0,0,1
2015-08-21 08:36:10,Raleigh,37.89456692799170,-81.45446191756030,Clouds,No Crash,None,Urban Road,Normal Flow,8,Friday,August,2015,0,0,0,0,1
2015-05-03 04:39:37,Raleigh,3.3883992467459700,-17.289939055535500,Rain,No Crash,None,Urban Road,Normal Flow,4,Sunday,May,2015,0,0,0,0,1
2016-12-10 09:31:32,Raleigh,16.163806581463500,-59.57563818393610,Clouds,No Crash,None,Urban Road,Normal Flow,9,Saturday,December,2016,0,0,0,0,1
2017-02-02 15:26:16,Raleigh,72.66628628410750,-48.7013088369721,Clouds,No Crash,None,Urban Road,Normal Flow,15,Thursday,February,2017,0,0,0,0,1
2016-12-18 11:22:10,Raleigh,55.14738211444350,-19.207072387718600,Rain,No Crash,None,Urban Road,Normal Flow,11,Sunday,December,2016,0,0,0,0,1
2017-08-12 11:05:01,Raleigh,38.03267683271940,-1.1075300716352200,Clear,No Crash,None,Urban Road,Normal Flow,11,Saturday,August,2017,0,0,0,0,1
2016-12-30 01:52:10,Raleigh,70.8961513757817,-6.701578801350690,Clouds,No Crash,None,Urban Road,Normal Flow,1,Friday,December,2016,0,0,0,0,1
2015-03-30 04:25:39,Raleigh,42.276753432341300,-72.935419391457,Clouds,No Crash,None,Urban Road,Normal Flow,4,Monday,March,2015,0,0,0,0,1
2016-06-10 08:16:53,Raleigh,20.764823678262500,-31.637810905735000,Clouds,No Crash,None,Urban Road,Normal Flow,8,Friday,June,2016,0,0,0,0,1
2015-08-30 12:23:24,Raleigh,68.46017704160790,-27.293396617481900,Clouds,No Crash,None,Urban Road,Normal Flow,12,Sunday,August,2015,0,0,0,0,1
2016-06-25 10:45:04,Raleigh,69.8609765934001,-28.343468017143900,Clouds,No Crash,None,Urban Road,Normal Flow,10,Saturday,June,2016,0,0,0,0,1
2015-12-28 00:09:51,Raleigh,14.233718133529300,-4.951682789170330,Clouds,No Crash,None,Urban Road,Normal Flow,0,Monday,December,2015,0,0,0,0,1
2016-10-12 12:05:32,Raleigh,17.45364677573680,-17.9512875905137,Clouds,No Crash,None,Urban Road,Normal Flow,12,Wednesday,October,2016,0,0,0,0,1
2016-12-10 20:47:50,Raleigh,12.128070087497400,-52.35726979555920,Rain,No Crash,None,Urban Road,Normal Flow,20,Saturday,December,2016,0,0,0,0,1
2015-06-06 13:19:25,Raleigh,8.611112797250230,-51.4607713381792,Clouds,No Crash,None,Urban Road,Normal Flow,13,Saturday,June,2015,0,0,0,0,1
2016-05-21 22:07:08,Raleigh,12.2517296057425,-86.31452944840380,Rain,No Crash,None,Urban Road,Normal Flow,22,Saturday,May,2016,0,0,0,0,1
2015-02-16 03:44:45,Raleigh,40.600815841291900,-76.01673280081270,Clouds,No Crash,None,Urban Road,Normal Flow,3,Monday,February,2015,0,0,0,0,1
2015-10-10 15:03:42,Raleigh,29.091757974544500,-20.408879073615000,Clouds,No Crash,None,Urban Road,Normal Flow,15,Saturday,October,2015,0,0,0,0,1
2017-09-23 06:50:35,Raleigh,6.006995850261280,-43.12017030686270,Clouds,No Crash,None,Urban Road,Normal Flow,6,Saturday,September,2017,0,0,0,0,1
2016-10-02 18:43:19,Raleigh,53.662064123817900,-37.120427732050400,Clouds,No Crash,None,Urban Road,Normal Flow,18,Sunday,October,2016,0,0,0,0,1
2016-08-07 03:07:42,Raleigh,5.437035689795050,-38.8628234340411,Clouds,No Crash,None,Urban Road,Normal Flow,3,Sunday,August,2016,0,0,0,0,1
2016-02-16 09:05:24,Raleigh,26.585769527449400,-18.357679376966200,Clouds,No Crash,None,Urban Road,Normal Flow,9,Tuesday,February,2016,0,0,0,0,1
2017-03-08 06:28:54,Raleigh,8.162618663518360,-20.362614625316000,Clouds,No Crash,None,Urban Road,Normal Flow,6,Wednesday,March,2017,0,0,0,0,1
2017-09-08 04:07:22,Raleigh,61.409198439882400,-1.0772091784215400,Clouds,No Crash,None,Urban Road,Normal Flow,4,Friday,September,2017,0,0,0,0,1
2016-07-29 06:33:29,Raleigh,29.048342147343400,-1.851798109578700,Clouds,No Crash,None,Urban Road,Normal Flow,6,Friday,July,2016,0,0,0,0,1
2015-01-29 08:48:09,Raleigh,67.21770071799830,-34.90732809594190,Clear,No Crash,None,Urban Road,Normal Flow,8,Thursday,January,2015,0,0,0,0,1
2015-01-16 20:10:39,Raleigh,62.9954021642098,-83.89255102132460,Clouds,No Crash,None,Urban Road,Normal Flow,20,Friday,January,2015,0,0,0,0,1
2016-04-25 03:55:50,Raleigh,20.576254530761800,-73.55898867982190,Rain,No Crash,None,Urban Road,Normal Flow,3,Monday,April,2016,0,0,0,0,1
2015-06-01 10:18:48,Raleigh,66.85194016216260,-78.0495808733377,Clouds,No Crash,None,Urban Road,Normal Flow,10,Monday,June,2015,0,0,0,0,1
2015-04-12 13:27:45,Raleigh,52.98654289003150,-14.42802735972520,Clouds,No Crash,None,Urban Road,Normal Flow,13,Sunday,April,2015,0,0,0,0,1
2015-01-20 20:09:46,Raleigh,49.1292306857893,-52.08777166248290,Clouds,No Crash,None,Urban Road,Normal Flow,20,Tuesday,January,2015,0,0,0,0,1
2015-04-02 14:35:00,Raleigh,24.75100762560020,-10.408537650997700,Clouds,No Crash,None,Urban Road,Normal Flow,14,Thursday,April,2015,0,0,0,0,1
2016-09-11 20:27:57,Raleigh,62.8112977386804,-64.01281872951220,Snow,No Crash,None,Urban Road,Normal Flow,20,Sunday,September,2016,0,0,0,0,1
2015-03-31 20:09:32,Raleigh,10.383510972592700,-62.167317606918500,Clouds,No Crash,None,Urban Road,Normal Flow,20,Tuesday,March,2015,0,0,0,0,1
2017-07-10 00:51:22,Raleigh,62.61261346820560,-61.156033979302000,Clouds,No Crash,None,Urban Road,Normal Flow,0,Monday,July,2017,0,0,0,0,1
2016-09-24 23:17:02,Raleigh,30.745194156225200,-41.29971603445970,Clear,No Crash,None,Urban Road,Normal Flow,23,Saturday,September,2016,0,0,0,0,1
2015-09-05 04:26:40,Raleigh,28.836307221772600,-64.21678564963110,Clouds,No Crash,None,Urban Road,Normal Flow,4,Saturday,September,2015,0,0,0,0,1
2017-02-27 20:42:16,Raleigh,37.98054185017430,-30.267177336052700,Clouds,No Crash,None,Urban Road,Normal Flow,20,Monday,February,2017,0,0,0,0,1
2017-08-31 03:44:50,Raleigh,15.15825438903820,-54.74729503280870,Rain,No Crash,None,Urban Road,Normal Flow,3,Thursday,August,2017,0,0,0,0,1
2015-03-06 04:57:18,Raleigh,2.331559464603140,-78.73529350015210,Clouds,No Crash,None,Urban Road,Normal Flow,4,Friday,March,2015,0,0,0,0,1
2017-08-27 01:28:43,Raleigh,70.04830343829460,-59.95908457661220,Clouds,No Crash,None,Urban Road,Normal Flow,1,Sunday,August,2017,0,0,0,0,1
2015-07-27 09:35:33,Raleigh,57.02298743441280,-16.335211122373700,Rain,No Crash,None,Urban Road,Normal Flow,9,Monday,July,2015,0,0,0,0,1
2017-05-06 04:21:46,Raleigh,7.536332824524560,-90.11483713416170,Clouds,No Crash,None,Urban Road,Normal Flow,4,Saturday,May,2017,0,0,0,0,1
2015-08-06 10:28:14,Raleigh,58.56829536787760,-55.487205666127900,Clouds,No Crash,None,Urban Road,Normal Flow,10,Thursday,August,2015,0,0,0,0,1
2017-09-22 16:38:07,Raleigh,66.34656471194730,-28.167766431082800,Clouds,No Crash,None,Urban Road,Normal Flow,16,Friday,September,2017,0,0,0,0,1
2016-09-25 13:14:01,Raleigh,51.918088424102800,-62.92146296763340,Clouds,No Crash,None,Urban Road,Normal Flow,13,Sunday,September,2016,0,0,0,0,1
2016-10-08 18:55:44,Raleigh,60.65600916225350,-85.5145225557781,Clouds,No Crash,None,Urban Road,Normal Flow,18,Saturday,October,2016,0,0,0,0,1
2017-04-23 08:18:23,Raleigh,47.411962666772700,-78.05576724247170,Clouds,No Crash,None,Urban Road,Normal Flow,8,Sunday,April,2017,0,0,0,0,1
2015-07-15 18:05:31,Raleigh,67.61990841108230,-8.22253687340097,Clouds,No Crash,None,Urban Road,Normal Flow,18,Wednesday,July,2015,0,0,0,0,1
2017-05-26 05:22:09,Raleigh,16.211752422079500,-39.88910485778270,Clouds,No Crash,None,Urban Road,Normal Flow,5,Friday,May,2017,0,0,0,0,1
2016-09-02 02:53:45,Raleigh,62.13694025527250,-80.11254267591280,Rain,No Crash,None,Urban Road,Normal Flow,2,Friday,September,2016,0,0,0,0,1
2016-06-29 09:39:42,Raleigh,78.37699516285030,-70.69640035601660,Clouds,No Crash,None,Urban Road,Normal Flow,9,Wednesday,June,2016,0,0,0,0,1
2016-03-02 00:19:35,Raleigh,46.13255625080940,-48.09604583816800,Rain,No Crash,None,Urban Road,Normal Flow,0,Wednesday,March,2016,0,0,0,0,1
2017-05-28 18:47:18,Raleigh,58.29905779380720,-16.08179160941400,Clouds,No Crash,None,Urban Road,Normal Flow,18,Sunday,May,2017,0,0,0,0,1
2016-11-08 10:07:00,Raleigh,47.12526930131570,-24.20789587504610,Clouds,No Crash,None,Urban Road,Normal Flow,10,Tuesday,November,2016,0,0,0,0,1
2015-03-16 22:34:42,Raleigh,21.1951205394522,-21.558752986888600,Clear,No Crash,None,Urban Road,Normal Flow,22,Monday,March,2015,0,0,0,0,1
2015-08-24 16:42:56,Raleigh,12.827970847447800,-75.76388782551980,Clouds,No Crash,None,Urban Road,Normal Flow,16,Monday,August,2015,0,0,0,0,1
2016-10-06 05:52:36,Raleigh,5.2360246542410600,-82.87659913184080,Clouds,No Crash,None,Urban Road,Normal Flow,5,Thursday,October,2016,0,0,0,0,1
2017-09-07 10:38:50,Raleigh,19.6679441848284,-70.02959395457730,Rain,No Crash,None,Urban Road,Normal Flow,10,Thursday,September,2017,0,0,0,0,1
2017-03-06 20:32:06,Raleigh,79.34293555179400,-79.51633318034960,Clear,No Crash,None,Urban Road,Normal Flow,20,Monday,March,2017,0,0,0,0,1
2017-01-11 09:54:22,Raleigh,50.35595535148620,-52.40466450578580,Clouds,No Crash,None,Urban Road,Normal Flow,9,Wednesday,January,2017,0,0,0,0,1
2016-12-30 12:48:50,Raleigh,22.206631419996000,-86.64321726115390,Clouds,No Crash,None,Urban Road,Normal Flow,12,Friday,December,2016,0,0,0,0,1
2015-11-18 04:09:39,Raleigh,74.46728115715750,-76.92424032349490,Clouds,No Crash,None,Urban Road,Normal Flow,4,Wednesday,November,2015,0,0,0,0,1
2015-05-01 19:34:32,Raleigh,13.721222746748400,-64.27894799622710,Clear,No Crash,None,Urban Road,Normal Flow,19,Friday,May,2015,0,0,0,0,1
2015-11-02 07:05:17,Raleigh,64.0000321049632,-45.25492246671570,Clouds,No Crash,None,Urban Road,Normal Flow,7,Monday,November,2015,0,0,0,0,1
2017-08-18 07:42:40,Raleigh,61.437267934813500,-44.54557735822250,Clouds,No Crash,None,Urban Road,Normal Flow,7,Friday,August,2017,0,0,0,0,1
2016-06-10 21:30:30,Raleigh,62.63477404010870,-10.080802117073000,Clouds,No Crash,None,Urban Road,Normal Flow,21,Friday,June,2016,0,0,0,0,1
2016-11-14 12:32:07,Raleigh,52.37038391279900,-4.280291347249290,Clouds,No Crash,None,Urban Road,Normal Flow,12,Monday,November,2016,0,0,0,0,1
2017-08-14 13:37:43,Raleigh,45.079735299639000,-64.66748879195680,Clouds,No Crash,None,Urban Road,Normal Flow,13,Monday,August,2017,0,0,0,0,1
2015-11-23 07:55:58,Raleigh,39.41577678704430,-30.166948191684800,Clouds,No Crash,None,Urban Road,Normal Flow,7,Monday,November,2015,0,0,0,0,1
2015-10-04 18:43:45,Raleigh,19.27073361315580,-15.377451372927500,Clear,No Crash,None,Urban Road,Normal Flow,18,Sunday,October,2015,0,0,0,0,1
2016-03-27 02:18:42,Raleigh,30.224102680712600,-56.82672980752080,Rain,No Crash,None,Urban Road,Normal Flow,2,Sunday,March,2016,0,0,0,0,1
2017-06-07 19:22:32,Raleigh,35.29078771005610,-44.67468286791080,Rain,No Crash,None,Urban Road,Normal Flow,19,Wednesday,June,2017,0,0,0,0,1
2016-11-20 21:55:34,Raleigh,56.9739632342761,-7.924514756905450,Clouds,No Crash,None,Urban Road,Normal Flow,21,Sunday,November,2016,0,0,0,0,1
2015-06-16 11:55:33,Raleigh,17.600533288697600,-59.78724220849100,Clouds,No Crash,None,Urban Road,Normal Flow,11,Tuesday,June,2015,0,0,0,0,1
2017-04-04 18:40:17,Raleigh,61.870028046935600,-90.22481787291670,Clouds,No Crash,None,Urban Road,Normal Flow,18,Tuesday,April,2017,0,0,0,0,1
2016-05-31 09:00:57,Raleigh,18.892674445595200,-50.58862346397620,Clouds,No Crash,None,Urban Road,Normal Flow,9,Tuesday,May,2016,0,0,0,0,1
2017-01-19 03:05:12,Raleigh,77.76108423061650,-68.32987641791250,Clouds,No Crash,None,Urban Road,Normal Flow,3,Thursday,January,2017,0,0,0,0,1
2016-08-03 16:19:29,Raleigh,50.51051287839670,-76.73391834900810,Clouds,No Crash,None,Urban Road,Normal Flow,16,Wednesday,August,2016,0,0,0,0,1
2015-11-15 12:00:10,Raleigh,47.74310528211850,-3.037975082427390,Rain,No Crash,None,Urban Road,Normal Flow,12,Sunday,November,2015,0,0,0,0,1
2016-11-13 08:03:22,Raleigh,76.04617231770340,-5.6203916827133200,Clouds,No Crash,None,Urban Road,Normal Flow,8,Sunday,November,2016,0,0,0,0,1
2016-12-07 09:54:19,Raleigh,9.122032784381010,-87.39256148677400,Clouds,No Crash,None,Urban Road,Normal Flow,9,Wednesday,December,2016,0,0,0,0,1
2016-04-06 02:29:01,Raleigh,75.17385866689030,-65.97012561696720,Clouds,No Crash,None,Urban Road,Normal Flow,2,Wednesday,April,2016,0,0,0,0,1
2016-10-02 10:28:30,Raleigh,47.547256441795200,-23.49332899730270,Rain,No Crash,None,Urban Road,Normal Flow,10,Sunday,October,2016,0,0,0,0,1
2015-07-27 22:02:54,Raleigh,44.3007255889437,-61.63209172636570,Clouds,No Crash,None,Urban Road,Normal Flow,22,Monday,July,2015,0,0,0,0,1
2017-05-26 15:47:52,Raleigh,42.34286916655670,-24.457221427101000,Clouds,No Crash,None,Urban Road,Normal Flow,15,Friday,May,2017,0,0,0,0,1
2016-12-20 16:50:48,Raleigh,7.284945628732750,-79.67034520065800,Clouds,No Crash,None,Urban Road,Normal Flow,16,Tuesday,December,2016,0,0,0,0,1
2015-01-12 14:59:27,Raleigh,6.719435899149730,-27.955668805999300,Rain,No Crash,None,Urban Road,Normal Flow,14,Monday,January,2015,0,0,0,0,1
2016-10-16 09:44:11,Raleigh,65.84415330141470,-58.48097662532780,Clear,No Crash,None,Urban Road,Normal Flow,9,Sunday,October,2016,0,0,0,0,1
2016-09-19 18:01:57,Raleigh,52.70092378803560,-74.87204736946980,Rain,No Crash,None,Urban Road,Normal Flow,18,Monday,September,2016,0,0,0,0,1
2016-02-07 05:05:30,Raleigh,38.81945819810260,-11.603631631341100,Clouds,No Crash,None,Urban Road,Normal Flow,5,Sunday,February,2016,0,0,0,0,1
2015-01-29 21:12:24,Raleigh,1.0636671235690300,-37.37396009569890,Clouds,No Crash,None,Urban Road,Normal Flow,21,Thursday,January,2015,0,0,0,0,1
2016-03-20 21:33:34,Raleigh,68.18103100887930,-88.5279628508072,Clouds,No Crash,None,Urban Road,Normal Flow,21,Sunday,March,2016,0,0,0,0,1
2015-01-19 05:34:24,Raleigh,22.121044615985800,-46.90242548744200,Clear,No Crash,None,Urban Road,Normal Flow,5,Monday,January,2015,0,0,0,0,1
2016-07-06 23:23:40,Raleigh,21.875937412335700,-11.521090695402500,Clouds,No Crash,None,Urban Road,Normal Flow,23,Wednesday,July,2016,0,0,0,0,1
2015-10-18 17:00:33,Raleigh,50.48785621318780,-82.30792200733280,Clouds,No Crash,None,Urban Road,Normal Flow,17,Sunday,October,2015,0,0,0,0,1
2016-08-22 21:42:24,Raleigh,26.151834574100500,-6.1866489364622800,Clouds,No Crash,None,Urban Road,Normal Flow,21,Monday,August,2016,0,0,0,0,1
2016-05-02 19:29:10,Raleigh,5.932352342196760,-41.327775205353600,Clouds,No Crash,None,Urban Road,Normal Flow,19,Monday,May,2016,0,0,0,0,1
2015-09-18 13:07:06,Raleigh,43.828978014891400,-17.252410939373200,Clouds,No Crash,None,Urban Road,Normal Flow,13,Friday,September,2015,0,0,0,0,1
2017-09-19 10:46:48,Raleigh,31.988203676631200,-53.46763230989590,Rain,No Crash,None,Urban Road,Normal Flow,10,Tuesday,September,2017,0,0,0,0,1
2017-01-13 23:30:35,Raleigh,51.474331081600400,-69.56641550759350,Clouds,No Crash,None,Urban Road,Normal Flow,23,Friday,January,2017,0,0,0,0,1
2016-03-28 12:10:47,Raleigh,54.17748155978410,-8.669719458403050,Rain,No Crash,None,Urban Road,Normal Flow,12,Monday,March,2016,0,0,0,0,1
2015-06-06 02:19:35,Raleigh,14.350008056427500,-58.975497627089100,Clouds,No Crash,None,Urban Road,Normal Flow,2,Saturday,June,2015,0,0,0,0,1
2015-12-12 21:01:25,Raleigh,7.825351537131900,-62.898703232799500,Clouds,No Crash,None,Urban Road,Normal Flow,21,Saturday,December,2015,0,0,0,0,1
2017-06-01 16:17:43,Raleigh,2.63658924440199,-46.936613179906100,Clouds,No Crash,None,Urban Road,Normal Flow,16,Thursday,June,2017,0,0,0,0,1
2016-08-06 04:04:38,Raleigh,60.763852558172300,-36.178185625081600,Clouds,No Crash,None,Urban Road,Normal Flow,4,Saturday,August,2016,0,0,0,0,1
2017-02-16 11:45:34,Raleigh,46.22500983488310,-90.6046533526505,Clouds,No Crash,None,Urban Road,Normal Flow,11,Thursday,February,2017,0,0,0,0,1
2015-05-19 21:56:34,Raleigh,36.36375441961590,-26.23025286900760,Clouds,No Crash,None,Urban Road,Normal Flow,21,Tuesday,May,2015,0,0,0,0,1
2016-01-16 00:44:29,Raleigh,39.08185610418890,-9.333725813916740,Clouds,No Crash,None,Urban Road,Normal Flow,0,Saturday,January,2016,0,0,0,0,1
2015-05-07 20:02:11,Raleigh,40.05429320573670,-42.66885873983680,Clouds,No Crash,None,Urban Road,Normal Flow,20,Thursday,May,2015,0,0,0,0,1
2015-02-01 21:46:49,Raleigh,52.24378937646430,-5.38705219769561,Rain,No Crash,None,Urban Road,Normal Flow,21,Sunday,February,2015,0,0,0,0,1
2017-09-16 09:27:00,Raleigh,69.66218221393850,-65.58128145510870,Clouds,No Crash,None,Urban Road,Normal Flow,9,Saturday,September,2017,0,0,0,0,1
2016-10-12 12:50:58,Raleigh,61.12022466196690,-80.83708471787990,Clouds,No Crash,None,Urban Road,Normal Flow,12,Wednesday,October,2016,0,0,0,0,1
2016-08-21 21:44:22,Raleigh,29.014870679873400,-50.61895707165640,Clouds,No Crash,None,Urban Road,Normal Flow,21,Sunday,August,2016,0,0,0,0,1
2016-11-28 02:24:43,Raleigh,39.01088843629730,-57.37825580647070,Rain,No Crash,None,Urban Road,Normal Flow,2,Monday,November,2016,0,0,0,0,1
2015-03-26 22:32:18,Raleigh,7.605385032704530,-18.46342897989610,Rain,No Crash,None,Urban Road,Normal Flow,22,Thursday,March,2015,0,0,0,0,1
2016-01-17 05:00:12,Raleigh,1.2122375389177100,-76.43933132587270,Clouds,No Crash,None,Urban Road,Normal Flow,5,Sunday,January,2016,0,0,0,0,1
2015-09-03 04:30:57,Raleigh,25.2205258173045,-7.7215815817964,Clouds,No Crash,None,Urban Road,Normal Flow,4,Thursday,September,2015,0,0,0,0,1
2015-07-29 13:16:33,Raleigh,66.60712641070660,-63.28914490138680,Clouds,No Crash,None,Urban Road,Normal Flow,13,Wednesday,July,2015,0,0,0,0,1
2015-01-16 17:38:35,Raleigh,10.359140776458900,-61.509158759041700,Clouds,No Crash,None,Urban Road,Normal Flow,17,Friday,January,2015,0,0,0,0,1
2016-10-03 18:29:23,Raleigh,16.796875845655600,-47.29226331454900,Clouds,No Crash,None,Urban Road,Normal Flow,18,Monday,October,2016,0,0,0,0,1
2017-09-06 07:39:08,Raleigh,63.33950277632650,-46.88565535705340,Clouds,No Crash,None,Urban Road,Normal Flow,7,Wednesday,September,2017,0,0,0,0,1
2015-10-05 05:21:46,Raleigh,13.616473561624600,-88.45733284579880,Clouds,No Crash,None,Urban Road,Normal Flow,5,Monday,October,2015,0,0,0,0,1
2016-08-20 17:03:17,Raleigh,25.563958490028000,-63.42251664653590,Clouds,No Crash,None,Urban Road,Normal Flow,17,Saturday,August,2016,0,0,0,0,1
2017-05-08 08:23:58,Raleigh,73.45106535543140,-7.835696122714200,Clouds,No Crash,None,Urban Road,Normal Flow,8,Monday,May,2017,0,0,0,0,1
2015-03-04 14:39:37,Raleigh,51.46072078227660,-66.11390914334920,Clouds,No Crash,None,Urban Road,Normal Flow,14,Wednesday,March,2015,0,0,0,0,1
2016-06-18 06:00:38,Raleigh,22.93423686314100,-1.3896243853616300,Clouds,No Crash,None,Urban Road,Normal Flow,6,Saturday,June,2016,0,0,0,0,1
2015-09-19 23:34:22,Raleigh,28.95546186838970,-7.503728395854180,Clear,No Crash,None,Urban Road,Normal Flow,23,Saturday,September,2015,0,0,0,0,1
2016-04-09 05:00:41,Raleigh,65.49555373901350,-11.975545816732100,Clouds,No Crash,None,Urban Road,Normal Flow,5,Saturday,April,2016,0,0,0,0,1
2016-10-06 03:32:07,Raleigh,14.059537848008300,-12.383605857063700,Rain,No Crash,None,Urban Road,Normal Flow,3,Thursday,October,2016,0,0,0,0,1
2016-06-27 22:24:00,Raleigh,23.929124496604000,-24.109827626292600,Clear,No Crash,None,Urban Road,Normal Flow,22,Monday,June,2016,0,0,0,0,1
2016-07-20 10:26:31,Raleigh,66.59769012646880,-56.12730733446910,Clouds,No Crash,None,Urban Road,Normal Flow,10,Wednesday,July,2016,0,0,0,0,1
2015-04-29 00:44:51,Raleigh,6.3118814282940600,-75.22406738804250,Clouds,No Crash,None,Urban Road,Normal Flow,0,Wednesday,April,2015,0,0,0,0,1
2017-08-21 12:19:07,Raleigh,2.5373043457835300,-2.9368804305455,Clear,No Crash,None,Urban Road,Normal Flow,12,Monday,August,2017,0,0,0,0,1
2017-08-08 08:27:10,Raleigh,55.36428715967750,-31.957539358819500,Clouds,No Crash,None,Urban Road,Normal Flow,8,Tuesday,August,2017,0,0,0,0,1
2016-10-18 03:11:07,Raleigh,68.32475390694530,-35.80120433531670,Clouds,No Crash,None,Urban Road,Normal Flow,3,Tuesday,October,2016,0,0,0,0,1
2017-07-15 12:14:55,Raleigh,45.33809052535580,-42.415724985321000,Rain,No Crash,None,Urban Road,Normal Flow,12,Saturday,July,2017,0,0,0,0,1
2015-06-01 22:30:57,Raleigh,61.51395440159860,-3.2254674573048900,Clouds,No Crash,None,Urban Road,Normal Flow,22,Monday,June,2015,0,0,0,0,1
2017-04-21 21:29:15,Raleigh,30.93112228352560,-83.12949182723010,Clear,No Crash,None,Urban Road,Normal Flow,21,Friday,April,2017,0,0,0,0,1
2016-09-23 13:32:28,Raleigh,54.830484233212100,-21.806768012105200,Rain,No Crash,None,Urban Road,Normal Flow,13,Friday,September,2016,0,0,0,0,1
2017-03-13 18:10:34,Raleigh,36.07300498321990,-74.90668237534000,Clouds,No Crash,None,Urban Road,Normal Flow,18,Monday,March,2017,0,0,0,0,1
2017-01-27 04:59:38,Raleigh,59.07670430269460,-42.023145128997900,Clouds,No Crash,None,Urban Road,Normal Flow,4,Friday,January,2017,0,0,0,0,1
2015-11-23 01:11:17,Raleigh,30.50869200528580,-1.5534748703752700,Clouds,No Crash,None,Urban Road,Normal Flow,1,Monday,November,2015,0,0,0,0,1
2015-07-08 00:23:08,Raleigh,59.250518687786100,-12.26037419165040,Clouds,No Crash,None,Urban Road,Normal Flow,0,Wednesday,July,2015,0,0,0,0,1
2015-02-23 09:09:06,Raleigh,13.896525194302600,-36.24528289536910,Clouds,No Crash,None,Urban Road,Normal Flow,9,Monday,February,2015,0,0,0,0,1
2015-02-08 20:00:23,Raleigh,29.498580036277300,-80.658827627858,Clouds,No Crash,None,Urban Road,Normal Flow,20,Sunday,February,2015,0,0,0,0,1
2017-03-05 03:24:53,Raleigh,19.25290814736990,-39.29732457336530,Clear,No Crash,None,Urban Road,Normal Flow,3,Sunday,March,2017,0,0,0,0,1
2016-02-16 19:48:01,Raleigh,73.86119870348190,-31.784045164460100,Clouds,No Crash,None,Urban Road,Normal Flow,19,Tuesday,February,2016,0,0,0,0,1
2017-03-13 12:06:10,Raleigh,23.143131654782000,-85.09756686631200,Clear,No Crash,None,Urban Road,Normal Flow,12,Monday,March,2017,0,0,0,0,1
2016-11-20 02:58:33,Raleigh,14.654817789528600,-48.42150610553260,Clouds,No Crash,None,Urban Road,Normal Flow,2,Sunday,November,2016,0,0,0,0,1
2016-02-25 15:53:58,Raleigh,23.29113906976530,-1.184392344393690,Clouds,No Crash,None,Urban Road,Normal Flow,15,Thursday,February,2016,0,0,0,0,1
2015-12-15 13:18:14,Raleigh,68.05423762509860,-10.590955094610900,Clouds,No Crash,None,Urban Road,Normal Flow,13,Tuesday,December,2015,0,0,0,0,1
2016-12-13 22:50:44,Raleigh,49.48241194403660,-19.579382519581200,Clouds,No Crash,None,Urban Road,Normal Flow,22,Tuesday,December,2016,0,0,0,0,1
2016-05-08 08:19:12,Raleigh,71.14211655974500,-54.67272041070700,Clouds,No Crash,None,Urban Road,Normal Flow,8,Sunday,May,2016,0,0,0,0,1
2015-08-24 06:07:02,Raleigh,73.27307537290890,-25.63236570929740,Clouds,No Crash,None,Urban Road,Normal Flow,6,Monday,August,2015,0,0,0,0,1
2015-12-24 15:36:48,Raleigh,12.15037651921480,-79.95056594861710,Clouds,No Crash,None,Urban Road,Normal Flow,15,Thursday,December,2015,0,0,0,0,1
2016-07-30 12:51:16,Raleigh,56.945768898908200,-56.76809366224370,Clouds,No Crash,None,Urban Road,Normal Flow,12,Saturday,July,2016,0,0,0,0,1
2017-02-02 13:49:50,Raleigh,68.39459592633240,-63.31776741069990,Clouds,No Crash,None,Urban Road,Normal Flow,13,Thursday,February,2017,0,0,0,0,1
2016-02-19 01:07:38,Raleigh,40.148174361835400,-83.08434675007600,Clear,No Crash,None,Urban Road,Normal Flow,1,Friday,February,2016,0,0,0,0,1
2015-12-06 13:04:24,Raleigh,9.033178880380010,-17.509764241592500,Clouds,No Crash,None,Urban Road,Normal Flow,13,Sunday,December,2015,0,0,0,0,1
2015-05-13 00:43:31,Raleigh,14.741125410488400,-23.668578730088400,Clouds,No Crash,None,Urban Road,Normal Flow,0,Wednesday,May,2015,0,0,0,0,1
2017-08-29 12:05:28,Raleigh,0.28778771662869400,-63.79118677064330,Clouds,No Crash,None,Urban Road,Normal Flow,12,Tuesday,August,2017,0,0,0,0,1
2017-07-31 23:19:10,Raleigh,6.373880323272340,-1.1109774822454600,Rain,No Crash,None,Urban Road,Normal Flow,23,Monday,July,2017,0,0,0,0,1
2016-10-22 19:09:04,Raleigh,33.623255004071500,-13.243532955537200,Clouds,No Crash,None,Urban Road,Normal Flow,19,Saturday,October,2016,0,0,0,0,1
2016-03-07 07:47:47,Raleigh,33.056874682978200,-32.15900748780730,Clear,No Crash,None,Urban Road,Normal Flow,7,Monday,March,2016,0,0,0,0,1
2015-09-30 16:05:58,Raleigh,3.757264343420610,-7.0241194915603400,Rain,No Crash,None,Urban Road,Normal Flow,16,Wednesday,September,2015,0,0,0,0,1
2017-06-11 09:54:35,Raleigh,73.46462456317240,-82.11679132973520,Clouds,No Crash,None,Urban Road,Normal Flow,9,Sunday,June,2017,0,0,0,0,1
2016-01-22 14:42:35,Raleigh,1.0157776662211500,-70.98965572672160,Clouds,No Crash,None,Urban Road,Normal Flow,14,Friday,January,2016,0,0,0,0,1
2015-07-17 07:14:44,Raleigh,17.04302835881700,-70.35566833435410,Clouds,No Crash,None,Urban Road,Normal Flow,7,Friday,July,2015,0,0,0,0,1
2016-06-13 10:42:30,Raleigh,6.265021790285790,-47.83207059205840,Clouds,No Crash,None,Urban Road,Normal Flow,10,Monday,June,2016,0,0,0,0,1
2017-06-01 20:49:09,Raleigh,59.33862652196140,-64.88011937693990,Clouds,No Crash,None,Urban Road,Normal Flow,20,Thursday,June,2017,0,0,0,0,1
2016-11-21 15:31:16,Raleigh,2.807051393679200,-47.950645707708500,Clouds,No Crash,None,Urban Road,Normal Flow,15,Monday,November,2016,0,0,0,0,1
2017-08-26 23:04:59,Raleigh,35.202125068653800,-10.34191659617130,Clouds,No Crash,None,Urban Road,Normal Flow,23,Saturday,August,2017,0,0,0,0,1
2015-07-30 23:31:52,Raleigh,19.563137424205300,-29.75382028660810,Clouds,No Crash,None,Urban Road,Normal Flow,23,Thursday,July,2015,0,0,0,0,1
2017-05-17 21:19:12,Raleigh,53.19652768538870,-89.81923141025940,Clouds,No Crash,None,Urban Road,Normal Flow,21,Wednesday,May,2017,0,0,0,0,1
2015-03-20 04:29:51,Raleigh,55.097255316894500,-3.75608891903056,Clouds,No Crash,None,Urban Road,Normal Flow,4,Friday,March,2015,0,0,0,0,1
2017-01-08 03:28:22,Raleigh,16.608917618459500,-24.63700934078600,Clear,No Crash,None,Urban Road,Normal Flow,3,Sunday,January,2017,0,0,0,0,1
2015-05-15 19:15:53,Raleigh,56.45848154145480,-83.28088127545000,Clouds,No Crash,None,Urban Road,Normal Flow,19,Friday,May,2015,0,0,0,0,1
2016-01-10 13:39:02,Raleigh,64.79233133363940,-17.67018203365560,Clouds,No Crash,None,Urban Road,Normal Flow,13,Sunday,January,2016,0,0,0,0,1
2016-12-12 13:45:51,Raleigh,22.033822257045700,-55.54084419024570,Clouds,No Crash,None,Urban Road,Normal Flow,13,Monday,December,2016,0,0,0,0,1
2015-04-10 21:57:33,Raleigh,44.97189915470170,-52.842851167461100,Rain,No Crash,None,Urban Road,Normal Flow,21,Friday,April,2015,0,0,0,0,1
2017-02-09 12:43:37,Raleigh,40.06450919360880,-28.513345511802200,Clouds,No Crash,None,Urban Road,Normal Flow,12,Thursday,February,2017,0,0,0,0,1
2016-07-20 23:12:50,Raleigh,79.24400830186670,-65.69754097904630,Clouds,No Crash,None,Urban Road,Normal Flow,23,Wednesday,July,2016,0,0,0,0,1
2016-01-29 07:00:27,Raleigh,34.929664619465900,-9.305709259527530,Clouds,No Crash,None,Urban Road,Normal Flow,7,Friday,January,2016,0,0,0,0,1
2017-04-03 13:45:45,Raleigh,48.17360360282370,-70.67196293590370,Clouds,No Crash,None,Urban Road,Normal Flow,13,Monday,April,2017,0,0,0,0,1
2016-11-24 23:02:33,Raleigh,64.26906349828730,-18.972685819341100,Clouds,No Crash,None,Urban Road,Normal Flow,23,Thursday,November,2016,0,0,0,0,1
2017-04-04 19:51:18,Raleigh,35.47727854779450,-51.452315182184800,Rain,No Crash,None,Urban Road,Normal Flow,19,Tuesday,April,2017,0,0,0,0,1
2015-11-12 03:18:30,Raleigh,42.394788300256000,-37.18721047431490,Rain,No Crash,None,Urban Road,Normal Flow,3,Thursday,November,2015,0,0,0,0,1
2016-12-18 10:51:50,Raleigh,19.085741237447400,-74.04952481928360,Clear,No Crash,None,Urban Road,Normal Flow,10,Sunday,December,2016,0,0,0,0,1
2015-09-18 10:13:27,Raleigh,51.24060888138430,-57.484442896781700,Clouds,No Crash,None,Urban Road,Normal Flow,10,Friday,September,2015,0,0,0,0,1
2017-09-19 15:07:20,Raleigh,50.419233075936500,-41.311813106209,Clouds,No Crash,None,Urban Road,Normal Flow,15,Tuesday,September,2017,0,0,0,0,1
2017-07-06 01:53:29,Raleigh,75.75303921086890,-29.270082920179,Clouds,No Crash,None,Urban Road,Normal Flow,1,Thursday,July,2017,0,0,0,0,1
2017-06-02 19:12:52,Raleigh,59.78536562654630,-25.614668421709700,Rain,No Crash,None,Urban Road,Normal Flow,19,Friday,June,2017,0,0,0,0,1
2015-09-20 08:51:32,Raleigh,6.079637876977780,-88.76547499696130,Rain,No Crash,None,Urban Road,Normal Flow,8,Sunday,September,2015,0,0,0,0,1
2015-04-04 15:51:12,Raleigh,49.84483486272600,-54.84932024851280,Clouds,No Crash,None,Urban Road,Normal Flow,15,Saturday,April,2015,0,0,0,0,1
2016-02-18 16:59:22,Raleigh,13.551872527770600,-23.11503651248050,Clouds,No Crash,None,Urban Road,Normal Flow,16,Thursday,February,2016,0,0,0,0,1
2015-01-31 15:12:50,Raleigh,4.943947686201530,-0.13935807289910000,Rain,No Crash,None,Urban Road,Normal Flow,15,Saturday,January,2015,0,0,0,0,1
2017-03-31 22:05:26,Raleigh,31.487108242981700,-82.1675329504944,Clear,No Crash,None,Urban Road,Normal Flow,22,Friday,March,2017,0,0,0,0,1
2017-08-20 00:17:16,Raleigh,75.87499490609170,-25.497000675194500,Clouds,No Crash,None,Urban Road,Normal Flow,0,Sunday,August,2017,0,0,0,0,1
2016-07-15 03:22:43,Raleigh,49.52379046771990,-62.3247965746951,Clouds,No Crash,None,Urban Road,Normal Flow,3,Friday,July,2016,0,0,0,0,1
2016-03-17 03:38:27,Raleigh,65.97141390189520,-52.664310069939500,Clouds,No Crash,None,Urban Road,Normal Flow,3,Thursday,March,2016,0,0,0,0,1
2015-10-21 18:41:49,Raleigh,2.204013205025090,-56.52978216995490,Clouds,No Crash,None,Urban Road,Normal Flow,18,Wednesday,October,2015,0,0,0,0,1
2015-02-17 14:29:51,Raleigh,3.911331989006070,-81.23544565526360,Clouds,No Crash,None,Urban Road,Normal Flow,14,Tuesday,February,2015,0,0,0,0,1
2016-05-10 09:53:20,Raleigh,6.261254809180360,-81.10218687570370,Clouds,No Crash,None,Urban Road,Normal Flow,9,Tuesday,May,2016,0,0,0,0,1
2016-03-26 15:32:05,Raleigh,27.226816792575800,-42.351136502904200,Clear,No Crash,None,Urban Road,Normal Flow,15,Saturday,March,2016,0,0,0,0,1
2015-05-16 05:36:49,Raleigh,39.50381592234060,-0.11275969623814300,Clear,No Crash,None,Urban Road,Normal Flow,5,Saturday,May,2015,0,0,0,0,1
2015-03-29 03:59:04,Raleigh,27.06647867812700,-79.71187930427470,Clouds,No Crash,None,Urban Road,Normal Flow,3,Sunday,March,2015,0,0,0,0,1
2016-07-21 20:03:46,Raleigh,78.11813202249680,-4.360214860284670,Clouds,No Crash,None,Urban Road,Normal Flow,20,Thursday,July,2016,0,0,0,0,1
2016-05-26 06:37:35,Raleigh,23.278704402257000,-80.51902772936360,Clouds,No Crash,None,Urban Road,Normal Flow,6,Thursday,May,2016,0,0,0,0,1
2015-12-18 06:52:06,Raleigh,9.549312259959690,-45.502857437727500,Clouds,No Crash,None,Urban Road,Normal Flow,6,Friday,December,2015,0,0,0,0,1
2016-11-10 13:41:58,Raleigh,19.47059748131130,-69.97961537805920,Clouds,No Crash,None,Urban Road,Normal Flow,13,Thursday,November,2016,0,0,0,0,1
2015-09-03 11:28:22,Raleigh,4.832420445437,-39.74793524727330,Clouds,No Crash,None,Urban Road,Normal Flow,11,Thursday,September,2015,0,0,0,0,1
2017-09-04 08:41:39,Raleigh,63.63600764907770,-21.52530362242390,Clear,No Crash,None,Urban Road,Normal Flow,8,Monday,September,2017,0,0,0,0,1
2017-08-24 09:11:15,Raleigh,60.417193710542100,-9.331026162461340,Clouds,No Crash,None,Urban Road,Normal Flow,9,Thursday,August,2017,0,0,0,0,1
2016-10-22 14:23:28,Raleigh,44.902303143274700,-84.57821642947260,Clouds,No Crash,None,Urban Road,Normal Flow,14,Saturday,October,2016,0,0,0,0,1
2015-02-10 07:53:12,Raleigh,6.03610233016522,-34.15284623529050,Clouds,No Crash,None,Urban Road,Normal Flow,7,Tuesday,February,2015,0,0,0,0,1
2016-03-09 22:24:12,Raleigh,73.95585720325790,-32.14967441649250,Clouds,No Crash,None,Urban Road,Normal Flow,22,Wednesday,March,2016,0,0,0,0,1
2015-10-02 13:02:34,Raleigh,29.091116570593200,-79.97036796699710,Clear,No Crash,None,Urban Road,Normal Flow,13,Friday,October,2015,0,0,0,0,1
2016-01-15 02:54:17,Raleigh,7.095880295817800,-78.6132755238468,Rain,No Crash,None,Urban Road,Normal Flow,2,Friday,January,2016,0,0,0,0,1
2017-03-27 22:04:02,Raleigh,57.06408292052750,-90.03186408033930,Rain,No Crash,None,Urban Road,Normal Flow,22,Monday,March,2017,0,0,0,0,1
2016-11-05 17:08:15,Raleigh,61.76605675745290,-79.61753126133700,Rain,No Crash,None,Urban Road,Normal Flow,17,Saturday,November,2016,0,0,0,0,1
2015-08-12 06:01:09,Raleigh,61.35724948428790,-80.38789622345890,Rain,No Crash,None,Urban Road,Normal Flow,6,Wednesday,August,2015,0,0,0,0,1
2016-10-14 14:02:02,Raleigh,26.149786042190600,-79.07919102011230,Clouds,No Crash,None,Urban Road,Normal Flow,14,Friday,October,2016,0,0,0,0,1
2016-11-29 11:11:53,Raleigh,52.74451065381900,-15.595682828356000,Rain,No Crash,None,Urban Road,Normal Flow,11,Tuesday,November,2016,0,0,0,0,1
2016-05-10 06:26:31,Raleigh,18.97271509244200,-36.553812223857600,Rain,No Crash,None,Urban Road,Normal Flow,6,Tuesday,May,2016,0,0,0,0,1
2017-02-23 01:10:54,Raleigh,74.5086393325185,-11.01931511425750,Clear,No Crash,None,Urban Road,Normal Flow,1,Thursday,February,2017,0,0,0,0,1
2016-02-04 09:17:32,Raleigh,60.39793470012980,-2.4453757967982300,Clouds,No Crash,None,Urban Road,Normal Flow,9,Thursday,February,2016,0,0,0,0,1
2015-08-06 01:24:44,Raleigh,56.13871586315710,-11.752437694038300,Rain,No Crash,None,Urban Road,Normal Flow,1,Thursday,August,2015,0,0,0,0,1
2016-01-03 21:20:42,Raleigh,68.33271413547370,-41.42793948771000,Clouds,No Crash,None,Urban Road,Normal Flow,21,Sunday,January,2016,0,0,0,0,1
2016-06-17 12:18:13,Raleigh,28.612696743140400,-41.421185121753800,Clear,No Crash,None,Urban Road,Normal Flow,12,Friday,June,2016,0,0,0,0,1
2015-05-14 09:02:22,Raleigh,77.25727845270180,-48.50139040608780,Clouds,No Crash,None,Urban Road,Normal Flow,9,Thursday,May,2015,0,0,0,0,1
2017-08-01 17:56:36,Raleigh,44.004553328909500,-44.77843350142280,Rain,No Crash,None,Urban Road,Normal Flow,17,Tuesday,August,2017,0,0,0,0,1
2016-04-23 23:39:32,Raleigh,37.746064930460000,-32.2770384063,Clouds,No Crash,None,Urban Road,Normal Flow,23,Saturday,April,2016,0,0,0,0,1
2016-03-14 00:59:03,Raleigh,56.54636233443800,-50.815683381573600,Clouds,No Crash,None,Urban Road,Normal Flow,0,Monday,March,2016,0,0,0,0,1
2016-08-21 06:07:06,Raleigh,11.221109689571700,-46.928977363527000,Clouds,No Crash,None,Urban Road,Normal Flow,6,Sunday,August,2016,0,0,0,0,1
2016-02-16 03:39:19,Raleigh,59.6952609451056,-65.99725447509610,Clouds,No Crash,None,Urban Road,Normal Flow,3,Tuesday,February,2016,0,0,0,0,1
2016-10-12 15:36:21,Raleigh,56.21641604520000,-8.811717797734150,Clouds,No Crash,None,Urban Road,Normal Flow,15,Wednesday,October,2016,0,0,0,0,1
2016-07-16 03:21:07,Raleigh,12.047352455564300,-21.5107604480245,Clouds,No Crash,None,Urban Road,Normal Flow,3,Saturday,July,2016,0,0,0,0,1
2016-10-14 14:28:52,Raleigh,58.05399788794520,-55.52783281165550,Clouds,No Crash,None,Urban Road,Normal Flow,14,Friday,October,2016,0,0,0,0,1
2016-05-15 11:51:31,Raleigh,76.5120357765347,-25.444311574737700,Clouds,No Crash,None,Urban Road,Normal Flow,11,Sunday,May,2016,0,0,0,0,1
2016-01-01 18:32:31,Raleigh,55.59898118891380,-20.370715124972800,Rain,No Crash,None,Urban Road,Normal Flow,18,Friday,January,2016,0,0,0,0,1
2015-07-16 08:16:40,Raleigh,11.051224290632100,-1.6047674107157800,Clouds,No Crash,None,Urban Road,Normal Flow,8,Thursday,July,2015,0,0,0,0,1
2016-06-17 15:32:08,Raleigh,22.52407039656690,-52.132596112749400,Clouds,No Crash,None,Urban Road,Normal Flow,15,Friday,June,2016,0,0,0,0,1
2016-07-16 07:21:39,Raleigh,51.00933105771850,-44.26149448478380,Clouds,No Crash,None,Urban Road,Normal Flow,7,Saturday,July,2016,0,0,0,0,1
2016-03-24 04:40:59,Raleigh,11.16619556288970,-52.45845909794880,Rain,No Crash,None,Urban Road,Normal Flow,4,Thursday,March,2016,0,0,0,0,1
2016-08-05 17:00:33,Raleigh,17.29645713187030,-40.67652543472690,Clouds,No Crash,None,Urban Road,Normal Flow,17,Friday,August,2016,0,0,0,0,1
2017-03-27 01:15:44,Raleigh,15.830071061234300,-82.67195611033540,Clouds,No Crash,None,Urban Road,Normal Flow,1,Monday,March,2017,0,0,0,0,1
2017-03-23 10:35:03,Raleigh,72.84426116119560,-44.2365202470742,Clouds,No Crash,None,Urban Road,Normal Flow,10,Thursday,March,2017,0,0,0,0,1
2016-07-01 23:02:33,Raleigh,39.08911532913180,-7.112545726690940,Clouds,No Crash,None,Urban Road,Normal Flow,23,Friday,July,2016,0,0,0,0,1
2017-05-04 14:08:19,Raleigh,6.175898528286360,-29.97943078285830,Rain,No Crash,None,Urban Road,Normal Flow,14,Thursday,May,2017,0,0,0,0,1
2016-09-10 07:51:48,Raleigh,41.32637116722410,-54.05948067709000,Rain,No Crash,None,Urban Road,Normal Flow,7,Saturday,September,2016,0,0,0,0,1
2015-01-26 10:57:39,Raleigh,0.659891639578375,-59.10400651976840,Clouds,No Crash,None,Urban Road,Normal Flow,10,Monday,January,2015,0,0,0,0,1
2017-02-01 18:45:51,Raleigh,9.390412520280060,-56.890566913450500,Clouds,No Crash,None,Urban Road,Normal Flow,18,Wednesday,February,2017,0,0,0,0,1
2016-03-23 12:05:52,Raleigh,56.25930923521570,-40.068825277389500,Clouds,No Crash,None,Urban Road,Normal Flow,12,Wednesday,March,2016,0,0,0,0,1
2016-05-02 02:27:16,Raleigh,44.926830236402700,-63.43047172880120,Clouds,No Crash,None,Urban Road,Normal Flow,2,Monday,May,2016,0,0,0,0,1
2015-03-09 17:26:48,Raleigh,34.01745622484550,-31.260802794906,Clouds,No Crash,None,Urban Road,Normal Flow,17,Monday,March,2015,0,0,0,0,1
2015-07-08 12:08:19,Raleigh,38.851350080863600,-51.71488357375240,Rain,No Crash,None,Urban Road,Normal Flow,12,Wednesday,July,2015,0,0,0,0,1
2016-03-21 17:19:18,Raleigh,77.59223108162650,-30.62288810427400,Clouds,No Crash,None,Urban Road,Normal Flow,17,Monday,March,2016,0,0,0,0,1
2016-10-10 17:15:43,Raleigh,69.35745365695750,-72.6456535069913,Clouds,No Crash,None,Urban Road,Normal Flow,17,Monday,October,2016,0,0,0,0,1
2017-08-09 05:03:14,Raleigh,27.23735113408220,-45.84536842278840,Clouds,No Crash,None,Urban Road,Normal Flow,5,Wednesday,August,2017,0,0,0,0,1
2017-02-18 22:56:05,Raleigh,33.27045851458900,-78.63777741460470,Clear,No Crash,None,Urban Road,Normal Flow,22,Saturday,February,2017,0,0,0,0,1
2015-11-08 19:28:55,Raleigh,72.41738721913920,-86.82903197620390,Snow,No Crash,None,Urban Road,Normal Flow,19,Sunday,November,2015,0,0,0,0,1
2016-09-19 01:46:26,Raleigh,10.051502811321800,-47.17229307756680,Rain,No Crash,None,Urban Road,Normal Flow,1,Monday,September,2016,0,0,0,0,1
2016-01-07 18:19:45,Raleigh,41.03879470404890,-78.55002383407560,Clear,No Crash,None,Urban Road,Normal Flow,18,Thursday,January,2016,0,0,0,0,1
2015-12-03 07:57:25,Raleigh,7.373012041457790,-89.02925012456900,Clouds,No Crash,None,Urban Road,Normal Flow,7,Thursday,December,2015,0,0,0,0,1
2015-03-25 07:41:16,Raleigh,34.43404178480210,-11.978910249703900,Clouds,No Crash,None,Urban Road,Normal Flow,7,Wednesday,March,2015,0,0,0,0,1
2015-03-14 07:21:02,Raleigh,12.117539050260800,-64.43889785675100,Clouds,No Crash,None,Urban Road,Normal Flow,7,Saturday,March,2015,0,0,0,0,1
2016-10-22 23:10:19,Raleigh,56.096220193283400,-50.79814801960650,Clouds,No Crash,None,Urban Road,Normal Flow,23,Saturday,October,2016,0,0,0,0,1
2017-05-15 23:10:47,Raleigh,42.32877889680080,-19.391182713933800,Clouds,No Crash,None,Urban Road,Normal Flow,23,Monday,May,2017,0,0,0,0,1
2015-10-09 07:45:58,Raleigh,49.48681709690400,-8.980570585293010,Rain,No Crash,None,Urban Road,Normal Flow,7,Friday,October,2015,0,0,0,0,1
2015-04-16 08:55:33,Raleigh,62.11561656993860,-23.019626461493500,Clouds,No Crash,None,Urban Road,Normal Flow,8,Thursday,April,2015,0,0,0,0,1
2015-07-07 23:11:10,Raleigh,29.25401073941740,-16.706552845074,Clear,No Crash,None,Urban Road,Normal Flow,23,Tuesday,July,2015,0,0,0,0,1
2016-02-29 09:18:11,Raleigh,64.92768712303880,-60.35803321529370,Clouds,No Crash,None,Urban Road,Normal Flow,9,Monday,February,2016,0,0,0,0,1
2017-01-05 13:26:51,Raleigh,66.02663595946600,-88.09353104161490,Clouds,No Crash,None,Urban Road,Normal Flow,13,Thursday,January,2017,0,0,0,0,1
2015-02-09 16:14:25,Raleigh,3.5593361157866300,-79.16969018957040,Clouds,No Crash,None,Urban Road,Normal Flow,16,Monday,February,2015,0,0,0,0,1
2015-11-20 00:26:38,Raleigh,28.98939289356060,-23.136529513159700,Clear,No Crash,None,Urban Road,Normal Flow,0,Friday,November,2015,0,0,0,0,1
2017-09-12 19:10:47,Raleigh,69.81601895384840,-43.44136570008440,Clouds,No Crash,None,Urban Road,Normal Flow,19,Tuesday,September,2017,0,0,0,0,1
2017-04-02 21:19:14,Raleigh,74.2239842548843,-65.58432485732990,Clouds,No Crash,None,Urban Road,Normal Flow,21,Sunday,April,2017,0,0,0,0,1
2016-08-11 18:02:30,Raleigh,78.27181144295540,-46.975620659535200,Clouds,No Crash,None,Urban Road,Normal Flow,18,Thursday,August,2016,0,0,0,0,1
2016-01-05 23:58:03,Raleigh,33.085606461701600,-21.46128647926660,Clouds,No Crash,None,Urban Road,Normal Flow,23,Tuesday,January,2016,0,0,0,0,1
2016-05-23 15:08:19,Raleigh,35.06738295651840,-23.512018947860900,Clouds,No Crash,None,Urban Road,Normal Flow,15,Monday,May,2016,0,0,0,0,1
2016-09-23 20:19:14,Raleigh,40.044361096300800,-72.07042807865160,Clouds,No Crash,None,Urban Road,Normal Flow,20,Friday,September,2016,0,0,0,0,1
2016-03-02 07:58:44,Raleigh,74.43768437276670,-21.401442836792500,Clear,No Crash,None,Urban Road,Normal Flow,7,Wednesday,March,2016,0,0,0,0,1
2017-02-12 14:14:22,Raleigh,52.70263894083540,-49.75720948532000,Clouds,No Crash,None,Urban Road,Normal Flow,14,Sunday,February,2017,0,0,0,0,1
2016-09-29 07:30:49,Raleigh,51.9153938525262,-52.42205652544330,Clouds,No Crash,None,Urban Road,Normal Flow,7,Thursday,September,2016,0,0,0,0,1
2015-11-02 03:07:46,Raleigh,51.44335910393220,-60.12431218301630,Clouds,No Crash,None,Urban Road,Normal Flow,3,Monday,November,2015,0,0,0,0,1
2016-08-21 17:42:08,Raleigh,32.18597191757900,-7.370540234384650,Clouds,No Crash,None,Urban Road,Normal Flow,17,Sunday,August,2016,0,0,0,0,1
2017-09-19 08:53:45,Raleigh,59.76432283142270,-28.78647198513810,Clouds,No Crash,None,Urban Road,Normal Flow,8,Tuesday,September,2017,0,0,0,0,1
2015-11-30 17:06:11,Raleigh,59.90395214481910,-21.574893722765400,Clouds,No Crash,None,Urban Road,Normal Flow,17,Monday,November,2015,0,0,0,0,1
2016-01-05 12:48:48,Raleigh,9.926889402856820,-71.28377216852680,Clouds,No Crash,None,Urban Road,Normal Flow,12,Tuesday,January,2016,0,0,0,0,1
2016-01-16 09:21:49,Raleigh,28.365724620951400,-13.553922302571800,Clear,No Crash,None,Urban Road,Normal Flow,9,Saturday,January,2016,0,0,0,0,1
2016-12-26 02:53:00,Raleigh,51.43440198909440,-31.412876219401600,Clouds,No Crash,None,Urban Road,Normal Flow,2,Monday,December,2016,0,0,0,0,1
2015-05-06 01:24:19,Raleigh,19.067435761272600,-74.59428050739800,Clear,No Crash,None,Urban Road,Normal Flow,1,Wednesday,May,2015,0,0,0,0,1
2017-06-16 17:19:40,Raleigh,30.22309846668350,-43.45662924519850,Rain,No Crash,None,Urban Road,Normal Flow,17,Friday,June,2017,0,0,0,0,1
2015-11-25 02:57:16,Raleigh,73.52622419099370,-76.09022033251390,Clouds,No Crash,None,Urban Road,Normal Flow,2,Wednesday,November,2015,0,0,0,0,1
2016-03-12 17:41:46,Raleigh,22.528426331000100,-57.073920678996200,Clouds,No Crash,None,Urban Road,Normal Flow,17,Saturday,March,2016,0,0,0,0,1
2016-09-26 01:56:17,Raleigh,55.34570134170620,-30.698927735804200,Clear,No Crash,None,Urban Road,Normal Flow,1,Monday,September,2016,0,0,0,0,1
2015-03-24 23:33:40,Raleigh,0.2528577905120220,-60.34167446143900,Clouds,No Crash,None,Urban Road,Normal Flow,23,Tuesday,March,2015,0,0,0,0,1
2015-08-28 20:04:06,Raleigh,30.863888187509800,-78.24663723455230,Clouds,No Crash,None,Urban Road,Normal Flow,20,Friday,August,2015,0,0,0,0,1
2016-04-23 12:19:27,Raleigh,68.54586287097290,-61.38709703581130,Clouds,No Crash,None,Urban Road,Normal Flow,12,Saturday,April,2016,0,0,0,0,1
2016-02-12 17:47:36,Raleigh,57.705523433509500,-46.71859709940570,Clouds,No Crash,None,Urban Road,Normal Flow,17,Friday,February,2016,0,0,0,0,1
2017-07-25 07:12:05,Raleigh,25.34637829382760,-24.248433986097600,Rain,No Crash,None,Urban Road,Normal Flow,7,Tuesday,July,2017,0,0,0,0,1
2017-05-10 17:30:00,Raleigh,11.540665756036900,-84.5122487780701,Clouds,No Crash,None,Urban Road,Normal Flow,17,Wednesday,May,2017,0,0,0,0,1
2017-08-03 20:23:47,Raleigh,14.944491729899900,-61.427173174225100,Clouds,No Crash,None,Urban Road,Normal Flow,20,Thursday,August,2017,0,0,0,0,1
2015-03-11 04:54:24,Raleigh,56.801259031430500,-8.20795993662928,Clouds,No Crash,None,Urban Road,Normal Flow,4,Wednesday,March,2015,0,0,0,0,1
2017-01-13 09:23:40,Raleigh,26.95849989021640,-73.32438292608900,Clouds,No Crash,None,Urban Road,Normal Flow,9,Friday,January,2017,0,0,0,0,1
2015-08-07 06:17:59,Raleigh,14.989716944091500,-27.552529048397300,Clouds,No Crash,None,Urban Road,Normal Flow,6,Friday,August,2015,0,0,0,0,1
2017-03-20 08:41:56,Raleigh,35.02951498780380,-87.6488136765405,Clouds,No Crash,None,Urban Road,Normal Flow,8,Monday,March,2017,0,0,0,0,1
2016-07-06 13:32:49,Raleigh,1.6080402189039500,-75.77401357677550,Clouds,No Crash,None,Urban Road,Normal Flow,13,Wednesday,July,2016,0,0,0,0,1
2015-09-06 06:11:15,Raleigh,17.680009128998600,-5.436026202739870,Clouds,No Crash,None,Urban Road,Normal Flow,6,Sunday,September,2015,0,0,0,0,1
2017-05-31 03:09:05,Raleigh,37.81617500020760,-6.484677348607720,Clouds,No Crash,None,Urban Road,Normal Flow,3,Wednesday,May,2017,0,0,0,0,1
2015-11-03 04:25:55,Raleigh,66.89544521238590,-67.92374307766580,Clouds,No Crash,None,Urban Road,Normal Flow,4,Tuesday,November,2015,0,0,0,0,1
2017-06-21 19:13:03,Raleigh,19.005920350122600,-20.04035021773360,Clear,No Crash,None,Urban Road,Normal Flow,19,Wednesday,June,2017,0,0,0,0,1
2017-02-11 11:17:42,Raleigh,78.17566659662990,-45.969549260520500,Clouds,No Crash,None,Urban Road,Normal Flow,11,Saturday,February,2017,0,0,0,0,1
2016-06-02 09:56:40,Raleigh,27.901572823963600,-49.107028994956600,Rain,No Crash,None,Urban Road,Normal Flow,9,Thursday,June,2016,0,0,0,0,1
2017-01-16 18:10:53,Raleigh,76.19460830190450,-85.36571884610600,Clouds,No Crash,None,Urban Road,Normal Flow,18,Monday,January,2017,0,0,0,0,1
2015-01-29 18:35:54,Raleigh,3.9840401264828700,-69.1079369781713,Clouds,No Crash,None,Urban Road,Normal Flow,18,Thursday,January,2015,0,0,0,0,1
2016-05-29 15:58:38,Raleigh,3.9946789862429500,-81.94760922029850,Clouds,No Crash,None,Urban Road,Normal Flow,15,Sunday,May,2016,0,0,0,0,1
2016-01-25 16:48:08,Raleigh,6.614955195048130,-75.27757289869810,Clouds,No Crash,None,Urban Road,Normal Flow,16,Monday,January,2016,0,0,0,0,1
2016-06-13 18:06:03,Raleigh,29.22247377209900,-63.75356497452220,Clouds,No Crash,None,Urban Road,Normal Flow,18,Monday,June,2016,0,0,0,0,1
2016-05-14 13:22:32,Raleigh,39.25968081037570,-16.38061508387950,Clouds,No Crash,None,Urban Road,Normal Flow,13,Saturday,May,2016,0,0,0,0,1
2017-05-05 10:39:16,Raleigh,45.97336472163270,-60.68329406119180,Clouds,No Crash,None,Urban Road,Normal Flow,10,Friday,May,2017,0,0,0,0,1
2016-10-31 08:26:40,Raleigh,72.82729510776890,-44.05283214495730,Clouds,No Crash,None,Urban Road,Normal Flow,8,Monday,October,2016,0,0,0,0,1
2016-10-20 04:58:41,Raleigh,10.797219312481900,-7.962344932718820,Clouds,No Crash,None,Urban Road,Normal Flow,4,Thursday,October,2016,0,0,0,0,1
2016-08-03 19:35:52,Raleigh,52.79417686584400,-51.573930676046500,Clouds,No Crash,None,Urban Road,Normal Flow,19,Wednesday,August,2016,0,0,0,0,1
2015-05-02 20:19:31,Raleigh,2.9028030614256800,-57.98573990382960,Clouds,No Crash,None,Urban Road,Normal Flow,20,Saturday,May,2015,0,0,0,0,1
2017-08-18 09:59:52,Raleigh,18.947982969057700,-57.55438449096530,Clouds,No Crash,None,Urban Road,Normal Flow,9,Friday,August,2017,0,0,0,0,1
2017-02-05 03:10:56,Raleigh,17.33341562175390,-26.717227692958600,Rain,No Crash,None,Urban Road,Normal Flow,3,Sunday,February,2017,0,0,0,0,1
2015-03-26 08:04:34,Raleigh,54.80516043334500,-43.695975246349600,Clouds,No Crash,None,Urban Road,Normal Flow,8,Thursday,March,2015,0,0,0,0,1
2016-02-19 01:20:11,Raleigh,70.15572413960430,-69.74039421068450,Clouds,No Crash,None,Urban Road,Normal Flow,1,Friday,February,2016,0,0,0,0,1
2015-08-01 08:48:40,Raleigh,10.082660194555100,-8.479325537861580,Clouds,No Crash,None,Urban Road,Normal Flow,8,Saturday,August,2015,0,0,0,0,1
2015-10-16 05:02:41,Raleigh,30.490259899875300,-13.563332883822000,Clear,No Crash,None,Urban Road,Normal Flow,5,Friday,October,2015,0,0,0,0,1
2015-03-06 17:25:08,Raleigh,27.450041256660600,-89.33021594175670,Clouds,No Crash,None,Urban Road,Normal Flow,17,Friday,March,2015,0,0,0,0,1
2016-03-08 05:07:11,Raleigh,22.214794637950700,-61.25586142132450,Clear,No Crash,None,Urban Road,Normal Flow,5,Tuesday,March,2016,0,0,0,0,1
2016-11-15 17:32:17,Raleigh,78.86789722248110,-77.14219487504820,Clouds,No Crash,None,Urban Road,Normal Flow,17,Tuesday,November,2016,0,0,0,0,1
2015-08-21 02:02:29,Raleigh,17.086667341895500,-50.106781196728000,Clouds,No Crash,None,Urban Road,Normal Flow,2,Friday,August,2015,0,0,0,0,1
2016-01-06 16:03:56,Raleigh,34.26385321037450,-91.10192654159620,Rain,No Crash,None,Urban Road,Normal Flow,16,Wednesday,January,2016,0,0,0,0,1
2016-08-21 16:28:01,Raleigh,14.805089924664400,-63.691840416757600,Clear,No Crash,None,Urban Road,Normal Flow,16,Sunday,August,2016,0,0,0,0,1
2016-08-23 17:21:58,Raleigh,40.83838450647120,-80.02949871995250,Clouds,No Crash,None,Urban Road,Normal Flow,17,Tuesday,August,2016,0,0,0,0,1
2017-01-15 16:29:29,Raleigh,8.700890155266910,-75.23497204659700,Clouds,No Crash,None,Urban Road,Normal Flow,16,Sunday,January,2017,0,0,0,0,1
2015-05-17 01:05:56,Raleigh,27.066904243435500,-91.08345092546210,Clear,No Crash,None,Urban Road,Normal Flow,1,Sunday,May,2015,0,0,0,0,1
2016-10-07 17:25:14,Raleigh,30.94978025931160,-68.77665404641100,Clouds,No Crash,None,Urban Road,Normal Flow,17,Friday,October,2016,0,0,0,0,1
2016-12-05 03:50:27,Raleigh,52.459968138494300,-77.90679619760880,Rain,No Crash,None,Urban Road,Normal Flow,3,Monday,December,2016,0,0,0,0,1
2015-05-01 14:43:30,Raleigh,43.734028598807,-82.96006585381090,Rain,No Crash,None,Urban Road,Normal Flow,14,Friday,May,2015,0,0,0,0,1
2016-02-15 03:02:40,Raleigh,76.98975562382850,-59.67760377411760,Clouds,No Crash,None,Urban Road,Normal Flow,3,Monday,February,2016,0,0,0,0,1
2016-11-01 20:43:46,Raleigh,41.141963584416200,-73.83953917505840,Clear,No Crash,None,Urban Road,Normal Flow,20,Tuesday,November,2016,0,0,0,0,1
2017-01-12 12:08:42,Raleigh,6.481332256896890,-7.346691795918660,Rain,No Crash,None,Urban Road,Normal Flow,12,Thursday,January,2017,0,0,0,0,1
2017-03-17 13:45:20,Raleigh,34.54801129316940,-85.09128512537930,Clear,No Crash,None,Urban Road,Normal Flow,13,Friday,March,2017,0,0,0,0,1
2015-10-24 23:50:08,Raleigh,31.44829835823270,-64.92099411904270,Rain,No Crash,None,Urban Road,Normal Flow,23,Saturday,October,2015,0,0,0,0,1
2015-11-03 13:14:11,Raleigh,44.642458210520000,-33.137682615907500,Clear,No Crash,None,Urban Road,Normal Flow,13,Tuesday,November,2015,0,0,0,0,1
2015-11-14 07:33:06,Raleigh,72.45047035079190,-62.02155850470580,Clouds,No Crash,None,Urban Road,Normal Flow,7,Saturday,November,2015,0,0,0,0,1
2017-06-20 23:41:59,Raleigh,53.74164377165320,-18.85409939768010,Rain,No Crash,None,Urban Road,Normal Flow,23,Tuesday,June,2017,0,0,0,0,1
2016-08-16 04:14:52,Raleigh,30.44513523295680,-65.98576231650900,Clouds,No Crash,None,Urban Road,Normal Flow,4,Tuesday,August,2016,0,0,0,0,1
2015-03-09 15:35:47,Raleigh,13.68508869126940,-22.754995579014200,Clouds,No Crash,None,Urban Road,Normal Flow,15,Monday,March,2015,0,0,0,0,1
2015-11-26 14:03:24,Raleigh,72.2060369491407,-24.288652181074800,Clouds,No Crash,None,Urban Road,Normal Flow,14,Thursday,November,2015,0,0,0,0,1
2017-05-27 08:37:08,Raleigh,34.171832766171700,-42.0540182261243,Rain,No Crash,None,Urban Road,Normal Flow,8,Saturday,May,2017,0,0,0,0,1
2016-09-15 09:18:43,Raleigh,70.76440756584120,-45.07855486742240,Snow,No Crash,None,Urban Road,Normal Flow,9,Thursday,September,2016,0,0,0,0,1
2016-07-20 08:55:21,Raleigh,46.99949764813620,-16.355356171452,Clear,No Crash,None,Urban Road,Normal Flow,8,Wednesday,July,2016,0,0,0,0,1
2015-04-01 06:09:11,Raleigh,42.03242606328350,-24.83015984986650,Clouds,No Crash,None,Urban Road,Normal Flow,6,Wednesday,April,2015,0,0,0,0,1
2016-01-08 20:41:18,Raleigh,78.78019741626080,-59.19824315736250,Clouds,No Crash,None,Urban Road,Normal Flow,20,Friday,January,2016,0,0,0,0,1
2017-05-06 19:20:26,Raleigh,50.7799106215081,-19.765395429503000,Rain,No Crash,None,Urban Road,Normal Flow,19,Saturday,May,2017,0,0,0,0,1
2017-06-28 12:11:35,Raleigh,66.48481641632610,-31.88773145666720,Clouds,No Crash,None,Urban Road,Normal Flow,12,Wednesday,June,2017,0,0,0,0,1
2016-05-05 02:26:33,Raleigh,74.25413836759360,-15.116237642809200,Clear,No Crash,None,Urban Road,Normal Flow,2,Thursday,May,2016,0,0,0,0,1
2017-02-02 10:59:35,Raleigh,47.39077912659520,-28.370253161759100,Clouds,No Crash,None,Urban Road,Normal Flow,10,Thursday,February,2017,0,0,0,0,1
2017-02-01 17:46:17,Raleigh,11.50487750715950,-42.67534923811060,Clouds,No Crash,None,Urban Road,Normal Flow,17,Wednesday,February,2017,0,0,0,0,1
2016-08-11 09:51:37,Raleigh,63.958655421778300,-36.700418730975100,Clouds,No Crash,None,Urban Road,Normal Flow,9,Thursday,August,2016,0,0,0,0,1
2015-06-07 03:59:42,Raleigh,50.843441189786000,-60.94873223579270,Clouds,No Crash,None,Urban Road,Normal Flow,3,Sunday,June,2015,0,0,0,0,1
2017-05-19 08:16:37,Raleigh,68.00667787632620,-2.7006774650380800,Clouds,No Crash,None,Urban Road,Normal Flow,8,Friday,May,2017,0,0,0,0,1
2015-02-20 23:53:38,Raleigh,27.305027094072400,-32.220952336177100,Clear,No Crash,None,Urban Road,Normal Flow,23,Friday,February,2015,0,0,0,0,1
2015-06-13 14:47:42,Raleigh,3.8197036344585500,-23.977840459058500,Rain,No Crash,None,Urban Road,Normal Flow,14,Saturday,June,2015,0,0,0,0,1
2015-01-04 03:04:46,Raleigh,49.91044167764430,-4.789207321698030,Clouds,No Crash,None,Urban Road,Normal Flow,3,Sunday,January,2015,0,0,0,0,1
2016-01-09 02:02:54,Raleigh,3.871855631497420,-70.93689770192190,Clouds,No Crash,None,Urban Road,Normal Flow,2,Saturday,January,2016,0,0,0,0,1
2017-08-28 22:39:12,Raleigh,74.43594397883320,-71.6035957944468,Clouds,No Crash,None,Urban Road,Normal Flow,22,Monday,August,2017,0,0,0,0,1
2016-10-25 04:08:20,Raleigh,44.2655018322786,-83.11360932560280,Rain,No Crash,None,Urban Road,Normal Flow,4,Tuesday,October,2016,0,0,0,0,1
2017-08-24 07:17:57,Raleigh,62.200552824767500,-31.989392598551400,Clouds,No Crash,None,Urban Road,Normal Flow,7,Thursday,August,2017,0,0,0,0,1
2015-03-01 19:49:42,Raleigh,51.674908581978600,-85.54284500258370,Clouds,No Crash,None,Urban Road,Normal Flow,19,Sunday,March,2015,0,0,0,0,1
2016-01-05 01:25:01,Raleigh,6.501591906835570,-3.023943564919120,Clouds,No Crash,None,Urban Road,Normal Flow,1,Tuesday,January,2016,0,0,0,0,1
2015-01-06 17:55:39,Raleigh,30.769125696385700,-55.27464345412570,Clear,No Crash,None,Urban Road,Normal Flow,17,Tuesday,January,2015,0,0,0,0,1
2017-01-15 12:52:25,Raleigh,44.19131471770320,-23.268884340574400,Clouds,No Crash,None,Urban Road,Normal Flow,12,Sunday,January,2017,0,0,0,0,1
2015-04-20 17:48:22,Raleigh,52.13391282935490,-6.614518687525090,Rain,No Crash,None,Urban Road,Normal Flow,17,Monday,April,2015,0,0,0,0,1
2015-10-02 13:15:55,Raleigh,23.140374638121000,-75.51817319626320,Clouds,No Crash,None,Urban Road,Normal Flow,13,Friday,October,2015,0,0,0,0,1
2016-04-01 10:53:07,Raleigh,14.30887073503350,-7.874910731041940,Clouds,No Crash,None,Urban Road,Normal Flow,10,Friday,April,2016,0,0,0,0,1
2016-11-12 07:52:43,Raleigh,50.541347871014100,-65.20784998554930,Clouds,No Crash,None,Urban Road,Normal Flow,7,Saturday,November,2016,0,0,0,0,1
2016-12-24 22:19:54,Raleigh,15.90221773073450,-22.980741865380600,Clouds,No Crash,None,Urban Road,Normal Flow,22,Saturday,December,2016,0,0,0,0,1
2016-04-19 22:14:18,Raleigh,23.128914907256700,-75.90014147692570,Clouds,No Crash,None,Urban Road,Normal Flow,22,Tuesday,April,2016,0,0,0,0,1
2016-06-01 07:40:38,Raleigh,61.398133375496800,-52.63421845787280,Clouds,No Crash,None,Urban Road,Normal Flow,7,Wednesday,June,2016,0,0,0,0,1
2016-12-19 03:05:08,Raleigh,22.009719020045200,-82.12636454369600,Clear,No Crash,None,Urban Road,Normal Flow,3,Monday,December,2016,0,0,0,0,1
2017-07-25 07:53:43,Raleigh,51.65346626431440,-16.516798029403600,Rain,No Crash,None,Urban Road,Normal Flow,7,Tuesday,July,2017,0,0,0,0,1
2016-03-31 13:05:19,Raleigh,1.0558993481837100,-76.46165609279600,Clouds,No Crash,None,Urban Road,Normal Flow,13,Thursday,March,2016,0,0,0,0,1
2017-06-10 17:52:27,Raleigh,63.21822702764820,-12.238130948183300,Rain,No Crash,None,Urban Road,Normal Flow,17,Saturday,June,2017,0,0,0,0,1
2017-08-24 16:53:38,Raleigh,61.349175404403600,-72.08868450107060,Snow,No Crash,None,Urban Road,Normal Flow,16,Thursday,August,2017,0,0,0,0,1
2015-07-14 11:33:18,Raleigh,72.09876057169700,-18.70011332434840,Clear,No Crash,None,Urban Road,Normal Flow,11,Tuesday,July,2015,0,0,0,0,1
2015-08-31 12:08:02,Raleigh,63.97706031481870,-48.15741623631780,Snow,No Crash,None,Urban Road,Normal Flow,12,Monday,August,2015,0,0,0,0,1
2016-01-02 06:57:03,Raleigh,13.07775017275730,-60.759750654971300,Rain,No Crash,None,Urban Road,Normal Flow,6,Saturday,January,2016,0,0,0,0,1
2015-02-19 04:18:53,Raleigh,65.5172657740577,-57.03587545500060,Clear,No Crash,None,Urban Road,Normal Flow,4,Thursday,February,2015,0,0,0,0,1
2015-02-01 18:06:24,Raleigh,20.821353449473600,-18.99968206102080,Clouds,No Crash,None,Urban Road,Normal Flow,18,Sunday,February,2015,0,0,0,0,1
2016-09-19 14:20:23,Raleigh,4.9876755734095500,-2.793954980739780,Rain,No Crash,None,Urban Road,Normal Flow,14,Monday,September,2016,0,0,0,0,1
2015-04-12 22:11:13,Raleigh,67.57446145301110,-17.890205015009600,Clouds,No Crash,None,Urban Road,Normal Flow,22,Sunday,April,2015,0,0,0,0,1
2016-12-05 19:48:04,Raleigh,41.607382604824500,-1.0915248328896200,Clouds,No Crash,None,Urban Road,Normal Flow,19,Monday,December,2016,0,0,0,0,1
2016-12-28 17:10:10,Raleigh,67.87417046950210,-16.869568644319000,Clouds,No Crash,None,Urban Road,Normal Flow,17,Wednesday,December,2016,0,0,0,0,1
2017-04-02 14:06:35,Raleigh,62.69814977057070,-47.19106507383440,Clouds,No Crash,None,Urban Road,Normal Flow,14,Sunday,April,2017,0,0,0,0,1
2017-09-08 02:29:10,Raleigh,7.731530565593430,-22.07925495710590,Rain,No Crash,None,Urban Road,Normal Flow,2,Friday,September,2017,0,0,0,0,1
2016-07-29 10:02:47,Raleigh,12.703441926569700,-82.7139751585361,Clouds,No Crash,None,Urban Road,Normal Flow,10,Friday,July,2016,0,0,0,0,1
2016-12-15 23:47:07,Raleigh,46.44178845405440,-29.48250991521410,Clouds,No Crash,None,Urban Road,Normal Flow,23,Thursday,December,2016,0,0,0,0,1
2017-04-28 22:31:09,Raleigh,63.78443115934820,-80.34477485067210,Snow,No Crash,None,Urban Road,Normal Flow,22,Friday,April,2017,0,0,0,0,1
2017-05-13 10:02:42,Raleigh,17.92969783915600,-80.46944444381230,Clouds,No Crash,None,Urban Road,Normal Flow,10,Saturday,May,2017,0,0,0,0,1
2015-02-20 02:02:40,Raleigh,55.09880550739690,-70.67554388002770,Rain,No Crash,None,Urban Road,Normal Flow,2,Friday,February,2015,0,0,0,0,1
2015-11-29 16:19:54,Raleigh,46.5086556955073,-47.246547061643800,Rain,No Crash,None,Urban Road,Normal Flow,16,Sunday,November,2015,0,0,0,0,1
2016-08-20 06:02:14,Raleigh,35.58759841018920,-9.205663393175730,Clouds,No Crash,None,Urban Road,Normal Flow,6,Saturday,August,2016,0,0,0,0,1
2017-05-23 19:48:37,Raleigh,64.73990858185420,-80.85752890447160,Clouds,No Crash,None,Urban Road,Normal Flow,19,Tuesday,May,2017,0,0,0,0,1
2016-11-08 07:56:28,Raleigh,45.17108096707240,-0.33759428174784000,Clouds,No Crash,None,Urban Road,Normal Flow,7,Tuesday,November,2016,0,0,0,0,1
2015-02-17 07:33:39,Raleigh,41.95028443343940,-30.793759475631000,Clouds,No Crash,None,Urban Road,Normal Flow,7,Tuesday,February,2015,0,0,0,0,1
2015-07-04 12:06:46,Raleigh,39.81006654783530,-67.95151616569340,Clear,No Crash,None,Urban Road,Normal Flow,12,Saturday,July,2015,0,0,0,0,1
2015-12-14 19:28:52,Raleigh,25.654376389511800,-88.30461732742380,Clear,No Crash,None,Urban Road,Normal Flow,19,Monday,December,2015,0,0,0,0,1
2017-02-22 07:34:13,Raleigh,72.06885888612830,-17.003305441123300,Clear,No Crash,None,Urban Road,Normal Flow,7,Wednesday,February,2017,0,0,0,0,1
2017-01-01 10:42:20,Raleigh,29.680159265035100,-16.817083582094200,Clouds,No Crash,None,Urban Road,Normal Flow,10,Sunday,January,2017,0,0,0,0,1
2016-06-28 07:17:00,Raleigh,30.514640071062700,-58.79717016264910,Clear,No Crash,None,Urban Road,Normal Flow,7,Tuesday,June,2016,0,0,0,0,1
2016-04-07 18:09:08,Raleigh,44.09623148667330,-0.5242788066012880,Clouds,No Crash,None,Urban Road,Normal Flow,18,Thursday,April,2016,0,0,0,0,1
2015-01-03 00:46:54,Raleigh,70.30190821017800,-2.0094152393971900,Clouds,No Crash,None,Urban Road,Normal Flow,0,Saturday,January,2015,0,0,0,0,1
2015-07-10 06:37:02,Raleigh,42.6974832812328,-38.944318047456800,Rain,No Crash,None,Urban Road,Normal Flow,6,Friday,July,2015,0,0,0,0,1
2015-04-01 23:13:39,Raleigh,75.07347417228710,-64.35397415756360,Clouds,No Crash,None,Urban Road,Normal Flow,23,Wednesday,April,2015,0,0,0,0,1
2017-04-13 10:34:50,Raleigh,29.84890369019150,-63.99830027327170,Clouds,No Crash,None,Urban Road,Normal Flow,10,Thursday,April,2017,0,0,0,0,1
2015-07-17 23:17:25,Raleigh,8.66012909661511,-90.2314088993717,Clouds,No Crash,None,Urban Road,Normal Flow,23,Friday,July,2015,0,0,0,0,1
2016-07-20 15:56:55,Raleigh,55.613156346628700,-34.82917886788370,Clouds,No Crash,None,Urban Road,Normal Flow,15,Wednesday,July,2016,0,0,0,0,1
2015-12-01 19:06:50,Raleigh,35.39023721207770,-6.598534470255640,Clouds,No Crash,None,Urban Road,Normal Flow,19,Tuesday,December,2015,0,0,0,0,1
2015-08-06 03:09:48,Raleigh,39.575150711327300,-15.747111153643100,Clouds,No Crash,None,Urban Road,Normal Flow,3,Thursday,August,2015,0,0,0,0,1
2017-03-13 07:09:23,Raleigh,30.4048646528094,-24.300190982274500,Clear,No Crash,None,Urban Road,Normal Flow,7,Monday,March,2017,0,0,0,0,1
2015-07-21 00:40:32,Raleigh,57.465082177940800,-2.8347087404886800,Clouds,No Crash,None,Urban Road,Normal Flow,0,Tuesday,July,2015,0,0,0,0,1
2015-08-04 21:03:16,Raleigh,12.971839482291200,-59.460073010218700,Rain,No Crash,None,Urban Road,Normal Flow,21,Tuesday,August,2015,0,0,0,0,1
2017-09-08 04:50:23,Raleigh,39.76383728503620,-36.3055685911231,Clouds,No Crash,None,Urban Road,Normal Flow,4,Friday,September,2017,0,0,0,0,1
2015-10-22 18:29:09,Raleigh,15.215414081776200,-69.21943955319430,Clouds,No Crash,None,Urban Road,Normal Flow,18,Thursday,October,2015,0,0,0,0,1
2015-06-14 00:27:02,Raleigh,39.597907853300100,-57.02040992750500,Rain,No Crash,None,Urban Road,Normal Flow,0,Sunday,June,2015,0,0,0,0,1
2017-02-06 02:21:44,Raleigh,29.062172811870900,-74.61353616928340,Clear,No Crash,None,Urban Road,Normal Flow,2,Monday,February,2017,0,0,0,0,1
2015-06-08 22:23:31,Raleigh,67.42943874971810,-41.015537734679800,Clear,No Crash,None,Urban Road,Normal Flow,22,Monday,June,2015,0,0,0,0,1
2015-05-06 21:28:12,Raleigh,35.15749460564840,-45.556665518636600,Clouds,No Crash,None,Urban Road,Normal Flow,21,Wednesday,May,2015,0,0,0,0,1
2015-03-03 05:04:16,Raleigh,24.576069450998600,-62.200254005611900,Clear,No Crash,None,Urban Road,Normal Flow,5,Tuesday,March,2015,0,0,0,0,1
2015-11-04 13:08:00,Raleigh,75.11358467030920,-2.079355621604220,Clouds,No Crash,None,Urban Road,Normal Flow,13,Wednesday,November,2015,0,0,0,0,1
2017-08-31 06:40:36,Raleigh,30.872400536673400,-27.39860914298570,Clouds,No Crash,None,Urban Road,Normal Flow,6,Thursday,August,2017,0,0,0,0,1
2015-02-25 19:57:19,Raleigh,68.64888120317700,-51.96687759265860,Clouds,No Crash,None,Urban Road,Normal Flow,19,Wednesday,February,2015,0,0,0,0,1
2015-11-16 14:57:29,Raleigh,68.31605691901660,-74.14664590510010,Clouds,No Crash,None,Urban Road,Normal Flow,14,Monday,November,2015,0,0,0,0,1
2016-06-03 00:50:01,Raleigh,5.325869604316630,-47.495647619795500,Clouds,No Crash,None,Urban Road,Normal Flow,0,Friday,June,2016,0,0,0,0,1
2017-01-15 13:10:12,Raleigh,71.32988149926050,-68.81352628261930,Clouds,No Crash,None,Urban Road,Normal Flow,13,Sunday,January,2017,0,0,0,0,1
2017-04-03 16:43:47,Raleigh,14.88036058473380,-15.027579692205800,Clouds,No Crash,None,Urban Road,Normal Flow,16,Monday,April,2017,0,0,0,0,1
2016-01-04 06:43:33,Raleigh,75.20450297935420,-61.80493876834890,Clouds,No Crash,None,Urban Road,Normal Flow,6,Monday,January,2016,0,0,0,0,1